frame,cavity_energy_hartree,no_cavity_energy_hartree,delta_cavity_minus_no_cavity_hartree,delta_cavity_minus_no_cavity_kcal_mol,xyz_comment
0,-436.48509814121,-436.66695356573376,0.18185542452374648,114.11600179841793,Step -1 E=-436.48509814121 phi=31.0 theta=70.0
4,-436.4892019478,-436.66939055176607,0.18018860396608716,113.07005610692357,Step 3  E=-436.4892019478  phi=36.508  theta=73.537
8,-436.4950653044,-436.6730258066218,0.17796050222182203,111.67190115322069,Step 7  E=-436.4950653044  phi=35.549  theta=73.431
12,-436.5135235588,-436.690942521069,0.1774189622690301,111.33207970226006,Step 11  E=-436.5135235588  phi=34.520  theta=73.249
16,-436.5060379636,-436.68181508769595,0.17577712409593005,110.30181069376133,Step 15  E=-436.5060379636  phi=33.993  theta=72.988
20,-436.4895210635,-436.66209110996704,0.1725700464670581,108.28933909758835,Step 19  E=-436.4895210635  phi=34.299  theta=72.639
24,-436.4892668503,-436.66074784874553,0.17148099844553144,107.6059511463707,Step 23  E=-436.4892668503  phi=35.332  theta=72.196
28,-436.4949153247,-436.6677761048732,0.1728607801732096,108.4717772526279,Step 27  E=-436.4949153247  phi=36.637  theta=71.655
32,-436.4964894484,-436.66991155829794,0.17342210989795603,108.82401697297952,Step 31  E=-436.4964894484  phi=37.670  theta=71.042
36,-436.4915145898,-436.6649729317784,0.17345834197840304,108.84675294672503,Step 35  E=-436.4915145898  phi=38.067  theta=70.443
40,-436.5087220647,-436.6841279960648,0.17540593136476446,110.06888373825156,Step 39  E=-436.5087220647  phi=37.860  theta=69.962
44,-436.5096438195,-436.6864441748505,0.1768003553505082,110.94389800016658,Step 43  E=-436.5096438195  phi=37.436  theta=69.660
48,-436.4966976929,-436.6723092837652,0.17561159086517364,110.19793702318941,Step 47  E=-436.4966976929  phi=37.225  theta=69.552
52,-436.4866313839,-436.66144212439644,0.1748107404964685,109.69539582952001,Step 51  E=-436.4866313839  phi=37.378  theta=69.632
56,-436.4924390569,-436.66770594579236,0.1752668888923381,109.98163326950687,Step 55  E=-436.4924390569  phi=37.691  theta=69.894
60,-436.4953667157,-436.6697212555799,0.17435453987985738,109.4091256205231,Step 59  E=-436.4953667157  phi=37.805  theta=70.330
64,-436.493340442,-436.66585685281393,0.1725164108139552,108.25568221711872,Step 63  E=-436.4933404420  phi=37.501  theta=70.911
68,-436.5021142916,-436.6743816606581,0.17226736905814732,108.09940615591198,Step 67  E=-436.5021142916  phi=36.806  theta=71.564
72,-436.5049294238,-436.677706915166,0.17277749136604825,108.41951273705074,Step 71  E=-436.5049294238  phi=35.891  theta=72.164
76,-436.4998205058,-436.67169627982423,0.1718757740242154,107.85367656212362,Step 75  E=-436.4998205058  phi=35.003  theta=72.570
80,-436.4889557516,-436.65972536326706,0.17076961166708315,107.15954920317118,Step 79  E=-436.4889557516  phi=34.414  theta=72.657
84,-436.5019336308,-436.6733668037843,0.17143317298427974,107.57594021633382,Step 83  E=-436.5019336308  phi=34.292  theta=72.346
88,-436.503484302,-436.6753102336578,0.1718259316577928,107.82240000498373,Step 87  E=-436.5034843020  phi=34.537  theta=71.600
92,-436.4956470632,-436.6666480028812,0.17100093968116425,107.30470972362328,Step 91  E=-436.4956470632  phi=34.775  theta=70.404
96,-436.4936657279,-436.66531785281336,0.1716521249133507,107.71333462619023,Step 95  E=-436.4936657279  phi=34.718  theta=68.788
100,-436.5072719554,-436.68141718446174,0.17414522906176444,109.27778109914588,Step 99  E=-436.5072719554  phi=34.512  theta=66.862
104,-436.508133524,-436.6832099496077,0.1750764256076991,109.86211575393472,Step 103  E=-436.5081335240  phi=34.550  theta=64.795
108,-436.49771146,-436.67206432630877,0.1743528663087659,109.40807543880767,Step 107  E=-436.4977114600  phi=35.050  theta=62.778
112,-436.5002262329,-436.67517323537186,0.17494700247186756,109.78090151003747,Step 111  E=-436.5002262329  phi=35.953  theta=61.029
116,-436.5032198806,-436.6782938497508,0.17507396915078743,109.86057430395002,Step 115  E=-436.5032198806  phi=37.027  theta=59.734
120,-436.5004597283,-436.672932186249,0.1724724579490271,108.22810137796414,Step 119  E=-436.5004597283  phi=37.980  theta=58.962
124,-436.4885423294,-436.6581206053249,0.1695782759248914,106.41197473815585,Step 123  E=-436.4885423294  phi=38.522  theta=58.683
128,-436.4986617263,-436.66739843745455,0.16873671115456546,105.88388487173859,Step 127  E=-436.4986617263  phi=38.458  theta=58.817
132,-436.5061636719,-436.674594080351,0.16843040845100177,105.69167702332123,Step 131  E=-436.5061636719  phi=37.839  theta=59.233
136,-436.5083391633,-436.67553084510257,0.16719168180259203,104.91436431566969,Step 135  E=-436.5083391633  phi=37.030  theta=59.763
140,-436.5067514926,-436.6737536596857,0.16700216708568405,104.79544203533555,Step 139  E=-436.5067514926  phi=36.489  theta=60.206
144,-436.5144409149,-436.683853497441,0.1694125825410424,106.30800057000104,Step 143  E=-436.5144409149  phi=36.440  theta=60.376
148,-436.5081537899,-436.67913676533504,0.17098297543503804,107.29343698898467,Step 147  E=-436.5081537899  phi=36.802  theta=60.172
152,-436.4920360488,-436.6618888925634,0.16985284376340815,106.58426865809814,Step 151  E=-436.4920360488  phi=37.337  theta=59.580
156,-436.4950224464,-436.6638537145748,0.16883126817481298,105.94322029778309,Step 155  E=-436.4950224464  phi=37.800  theta=58.645
160,-436.5107440655,-436.6790862381377,0.1683421726377219,105.63630821453644,Step 159  E=-436.5107440655  phi=38.079  theta=57.472
164,-436.5187545744,-436.68497642176266,0.16622184736263534,104.3057840163242,Step 163  E=-436.5187545744  phi=38.262  theta=56.213
168,-436.5083629288,-436.67218524721176,0.16382231841174644,102.80005686635272,Step 167  E=-436.5083629288  phi=38.584  theta=55.004
172,-436.5082822767,-436.6717550619173,0.16347278521726594,102.58072147531666,Step 171  E=-436.5082822767  phi=39.255  theta=53.938
176,-436.5073543511,-436.67105361411154,0.16369926301155147,102.72283843689574,Step 175  E=-436.5073543511  phi=40.264  theta=53.050
180,-436.5069703077,-436.6702349552197,0.1632646475197248,102.45011309819992,Step 179  E=-436.5069703077  phi=41.401  theta=52.316
184,-436.4996853532,-436.66277991539755,0.16309456219755702,102.34338294714057,Step 183  E=-436.4996853532  phi=42.426  theta=51.729
188,-436.5075140567,-436.6713697516428,0.16385569494281071,102.82100095580691,Step 187  E=-436.5075140567  phi=43.173  theta=51.264
192,-436.5141032515,-436.6781852204971,0.16408196899709537,102.9629900686052,Step 191  E=-436.5141032515  phi=43.584  theta=50.787
196,-436.5177714622,-436.6802616046301,0.16249014243010151,101.96410381675122,Step 195  E=-436.5177714622  phi=43.701  theta=50.125
200,-436.5125302387,-436.673162947578,0.16063270887804038,100.79854666539018,Step 199  E=-436.5125302387  phi=43.650  theta=49.186
204,-436.5104359001,-436.6705737727393,0.160137872639325,100.48803223748652,Step 203  E=-436.5104359001  phi=43.563  theta=47.959
208,-436.5084413201,-436.6676279950479,0.15918667494787542,99.89114667439496,Step 207  E=-436.5084413201  phi=43.472  theta=46.508
212,-436.5087687744,-436.6659943534244,0.15722557902444123,98.66054040289349,Step 211  E=-436.5087687744  phi=43.279  theta=45.012
216,-436.5170737433,-436.67366394119347,0.15659019789347894,98.26183272357372,Step 215  E=-436.5170737433  phi=42.886  theta=43.682
220,-436.5249996718,-436.6821184699446,0.15711879814460872,98.5935343891498,Step 219  E=-436.5249996718  phi=42.349  theta=42.649
224,-436.5245906044,-436.6811051296959,0.15651452529590415,98.21434745166857,Step 223  E=-436.5245906044  phi=41.881  theta=42.007
228,-436.5183345519,-436.6732343153428,0.1548997634428133,97.2010690904984,Step 227  E=-436.5183345519  phi=41.715  theta=41.827
232,-436.5191558234,-436.6731541180867,0.15399829468668713,96.63538890545733,Step 231  E=-436.5191558234  phi=41.976  theta=42.028
236,-436.5217991922,-436.6755037638686,0.1537045716686407,96.45107492888279,Step 235  E=-436.5217991922  phi=42.648  theta=42.349
240,-436.521454464,-436.6745049777361,0.15305051373610468,96.04064737963031,Step 239  E=-436.5214544640  phi=43.615  theta=42.413
244,-436.5144177028,-436.66674893793436,0.15233123513434066,95.58929324253253,Step 243  E=-436.5144177028  phi=44.713  theta=41.800
248,-436.5184775789,-436.6709928486224,0.15251526972241436,95.70477669010408,Step 247  E=-436.5184775789  phi=45.806  theta=40.310
252,-436.5266595724,-436.6798707981174,0.15321122571742762,96.14149567050592,Step 251  E=-436.5266595724  phi=46.856  theta=38.153
256,-436.5316308939,-436.6848027405006,0.15317184660057137,96.11678490159838,Step 255  E=-436.5316308939  phi=47.893  theta=35.693
260,-436.5229285776,-436.67544307169044,0.1525144940904397,95.7042899736916,Step 259  E=-436.5229285776  phi=48.903  theta=33.192
264,-436.5213794349,-436.6739430174073,0.15256358250729818,95.73509342033705,Step 263  E=-436.5213794349  phi=49.796  theta=30.863
268,-436.5240207557,-436.67666591321006,0.15264515751005092,95.78628250741112,Step 267  E=-436.5240207557  phi=50.477  theta=28.869
272,-436.5281636551,-436.67924270567215,0.1510790505721502,94.80353556648247,Step 271  E=-436.5281636551  phi=50.914  theta=27.285
276,-436.5203921471,-436.6691189756919,0.14872682859191855,93.32749398878764,Step 275  E=-436.5203921471  phi=51.163  theta=26.188
280,-436.5169502579,-436.6645789713712,0.14762871347119244,92.63841634692005,Step 279  E=-436.5169502579  phi=51.341  theta=25.669
284,-436.5215390631,-436.6689013516898,0.1473622885897612,92.47123220969581,Step 283  E=-436.5215390631  phi=51.592  theta=25.734
288,-436.5352864287,-436.68202749679074,0.14674106809076193,92.08141046109156,Step 287  E=-436.5352864287  phi=52.022  theta=26.328
292,-436.5377517458,-436.6840231172268,0.14627137142679203,91.78667135451462,Step 291  E=-436.5377517458  phi=52.653  theta=27.302
296,-436.5299475495,-436.677155464013,0.1472079145130465,92.37436101400759,Step 295  E=-436.5299475495  phi=53.430  theta=28.362
300,-436.5204206868,-436.6692984390441,0.14887775224411826,93.42220001040316,Step 299  E=-436.5204206868  phi=54.298  theta=29.164
304,-436.5186172316,-436.6679097346799,0.1492925030798915,93.68246008922645,Step 303  E=-436.5186172316  phi=55.254  theta=29.520
308,-436.5248463038,-436.67315518142397,0.14830887762394696,93.06522579669162,Step 307  E=-436.5248463038  phi=56.334  theta=29.436
312,-436.5285691924,-436.6761461326945,0.14757694029447066,92.60592818802479,Step 311  E=-436.5285691924  phi=57.566  theta=29.029
316,-436.5317631213,-436.67931944065464,0.14755631935463498,92.59298835291382,Step 315  E=-436.5317631213  phi=58.955  theta=28.545
320,-436.5312076677,-436.6784893464049,0.1472816787048714,92.42064874322433,Step 319  E=-436.5312076677  phi=60.442  theta=28.229
324,-436.5320455164,-436.6787855174991,0.14674000109909002,92.0807409137087,Step 323  E=-436.5320455164  phi=61.839  theta=28.150
328,-436.5258681688,-436.67283854236985,0.1469703735698431,92.22530182166958,Step 327  E=-436.5258681688  phi=62.882  theta=28.247
332,-436.526739085,-436.67500165174073,0.14826256674075466,93.03616527873622,Step 331  E=-436.5267390850  phi=63.417  theta=28.370
336,-436.5220180713,-436.671201124653,0.1491830533529992,93.61377934866792,Step 335  E=-436.5220180713  phi=63.505  theta=28.329
340,-436.5272250902,-436.6762189110856,0.14899382088560742,93.49503418257923,Step 339  E=-436.5272250902  phi=63.385  theta=28.029
344,-436.5265488838,-436.67536647345673,0.14881758965674408,93.38444741684171,Step 343  E=-436.5265488838  phi=63.374  theta=27.517
348,-436.529549853,-436.6793785190632,0.14982866606322887,94.01890744091259,Step 347  E=-436.5295498530  phi=63.744  theta=26.957
352,-436.5259270081,-436.67680547196596,0.15087846386597903,94.67766550798893,Step 351  E=-436.5259270081  phi=64.601  theta=26.548
356,-436.5249987005,-436.6757694557465,0.15077075524646943,94.61007732880842,Step 355  E=-436.5249987005  phi=65.849  theta=26.405
360,-436.5198733183,-436.67035765848544,0.1504843401854714,94.43034916451779,Step 359  E=-436.5198733183  phi=67.229  theta=26.576
364,-436.5233706696,-436.67483815388476,0.1514674842847512,95.0472814011851,Step 363  E=-436.5233706696  phi=68.501  theta=27.150
368,-436.5253054825,-436.67809762063075,0.1527921381307351,95.87851423939412,Step 367  E=-436.5253054825  phi=69.643  theta=28.248
372,-436.5262535967,-436.67919322225674,0.152939625556769,95.97106399653556,Step 371  E=-436.5262535967  phi=70.825  theta=29.879
376,-436.5244134618,-436.676936136119,0.152522674319016,95.70942314462323,Step 375  E=-436.5244134618  phi=72.215  theta=148.115
380,-436.5239974443,-436.67702682462664,0.15302938032664315,96.02738596497394,Step 379  E=-436.5239974443  phi=73.874  theta=146.004
384,-436.5249515652,-436.6789547846776,0.15400321947760176,96.63847925841404,Step 383  E=-436.5249515652  phi=75.730  theta=144.176
388,-436.5234343629,-436.677339680419,0.15390531751899061,96.57704485185621,Step 387  E=-436.5234343629  phi=77.577  theta=142.989
392,-436.5197866364,-436.6728321131558,0.1530454767557785,96.03748662675497,Step 391  E=-436.5197866364  phi=79.138  theta=142.581
396,-436.5146396775,-436.6677009476835,0.1530612701835139,96.04739715228686,Step 395  E=-436.5146396775  phi=80.189  theta=142.935
400,-436.5192616339,-436.67357538626305,0.15431375236306621,96.83334158605113,Step 399  E=-436.5192616339  phi=80.730  theta=143.848
404,-436.5219790737,-436.6774974249386,0.15551835123864066,97.58923879291986,Step 403  E=-436.5219790737  phi=81.072  theta=144.861
408,-436.524580735,-436.68065954658283,0.15607881158285863,97.9409329687533,Step 407  E=-436.5245807350  phi=81.620  theta=145.519
412,-436.5204891355,-436.677316558997,0.1568274234970204,98.41069403728632,Step 411  E=-436.5204891355  phi=82.573  theta=145.604
416,-436.5194904832,-436.67763337471325,0.15814289151325056,99.23616268029774,Step 415  E=-436.5194904832  phi=83.854  theta=145.064
420,-436.5160031951,-436.67461704583826,0.15861385073827705,99.53169405589928,Step 419  E=-436.5160031951  phi=85.241  theta=143.967
424,-436.51895409,-436.6764809983669,0.15752690836688998,98.84962742009328,Step 423  E=-436.5189540900  phi=86.496  theta=142.488
428,-436.5190277852,-436.67526764175454,0.15623985655452088,98.04199021422158,Step 427  E=-436.5190277852  phi=87.462  theta=140.803
432,-436.5203940324,-436.67641508797834,0.15602105557832147,97.9046905287222,Step 431  E=-436.5203940324  phi=88.096  theta=139.139
436,-436.5189094578,-436.67487818492714,0.1559687271271173,97.87185392982853,Step 435  E=-436.5189094578  phi=88.522  theta=137.879
440,-436.5226867863,-436.6777272927859,0.15504050648587508,97.28938668342812,Step 439  E=-436.5226867863  phi=89.038  theta=137.386
444,-436.5269566886,-436.68118041068306,0.1542237220830316,96.77684673237685,Step 443  E=-436.5269566886  phi=89.926  theta=137.829
448,-436.5288610685,-436.6837201038093,0.15485903530930045,97.17551180085816,Step 447  E=-436.5288610685  phi=91.200  theta=139.206
452,-436.5193845573,-436.67545072413776,0.15606616683777474,97.93299827141605,Step 451  E=-436.5193845573  phi=92.604  theta=141.275
456,-436.5128021225,-436.6691073133705,0.15630519087051198,98.08298811648743,Step 455  E=-436.5128021225  phi=93.801  theta=143.609
460,-436.5136430726,-436.669467141509,0.15582406890899847,97.78107952745789,Step 459  E=-436.5136430726  phi=94.596  theta=145.812
464,-436.5207466986,-436.6765925292934,0.15584583069335167,97.79473525331204,Step 463  E=-436.5207466986  phi=95.041  theta=147.529
468,-436.529079829,-436.68517967827756,0.1560998492775525,97.95413432148615,Step 467  E=-436.5290798290  phi=95.383  theta=148.439
472,-436.526097295,-436.6815597768328,0.15546248183278522,97.5541802114353,Step 471  E=-436.5260972950  phi=95.954  theta=148.436
476,-436.5258083285,-436.6802099215566,0.15440159305660472,96.88846245345482,Step 475  E=-436.5258083285  phi=97.021  theta=147.660
480,-436.5205061686,-436.6748096083727,0.15430343977271832,96.8268703379057,Step 479  E=-436.5205061686  phi=98.615  theta=146.343
484,-436.5229809486,-436.6779624237698,0.15498147516984773,97.25234397335454,Step 483  E=-436.5229809486  phi=100.491  theta=144.770
488,-436.5174805181,-436.67199071612276,0.15451019802276278,96.95661309864931,Step 487  E=-436.5174805181  phi=102.305  theta=143.221
492,-436.5208711214,-436.67377899469267,0.1529078732926905,95.95113915000336,Step 491  E=-436.5208711214  phi=103.812  theta=141.878
496,-436.5212685233,-436.6732161143002,0.15194759100018018,95.34855291367809,Step 495  E=-436.5212685233  phi=104.941  theta=140.908
500,-436.5293777625,-436.6813767970962,0.15199903459620145,95.38083425756132,Step 499  E=-436.5293777625  phi=105.792  theta=140.530
504,-436.5316860382,-436.6832008318622,0.15151479366221565,95.07696848375606,Step 503  E=-436.5316860382  phi=106.559  theta=140.807
508,-436.5318324244,-436.68231030309437,0.15047787869434615,94.42629451762011,Step 507  E=-436.5318324244  phi=107.420  theta=141.526
512,-436.5261001244,-436.676378833436,0.1502787090360016,94.301313670063,Step 511  E=-436.5261001244  phi=108.407  theta=142.358
516,-436.5225670237,-436.67358759568157,0.1510205719815758,94.76683969686718,Step 515  E=-436.5225670237  phi=109.353  theta=143.036
520,-436.5206724843,-436.67219886078453,0.15152637648452583,95.08423681449209,Step 519  E=-436.5206724843  phi=110.024  theta=143.444
524,-436.522578428,-436.67387080662184,0.15129237862186073,94.93740093875923,Step 523  E=-436.5225784280  phi=110.333  theta=143.591
528,-436.5259287287,-436.67679380674025,0.1508650780402263,94.66926577551095,Step 527  E=-436.5259287287  phi=110.393  theta=143.545
532,-436.5274510792,-436.678310224643,0.1508591454430075,94.66554301455034,Step 531  E=-436.5274510792  phi=110.430  theta=143.419
536,-436.5291854372,-436.6799482219854,0.15076278478539962,94.60507578897445,Step 535  E=-436.5291854372  phi=110.668  theta=143.374
540,-436.5293731055,-436.6790742806407,0.1497011751407058,93.93890567917232,Step 539  E=-436.5293731055  phi=111.243  theta=143.585
544,-436.5275969,-436.67637078321934,0.1487738832193486,93.3570212132985,Step 543  E=-436.5275969000  phi=112.157  theta=144.201
548,-436.5231686912,-436.67231371026094,0.14914501906093847,93.58991247006053,Step 547  E=-436.5231686912  phi=113.287  theta=145.270
552,-436.5201359781,-436.66927323628505,0.14913725818507828,93.58504244693123,Step 551  E=-436.5201359781  phi=114.445  theta=146.693
556,-436.5219947047,-436.6698672748836,0.14787257018360833,92.79143874427491,Step 555  E=-436.5219947047  phi=115.484  theta=148.271
560,-436.5329473127,-436.6802644848822,0.14731717218217,92.44292123649664,Step 559  E=-436.5329473127  phi=116.387  theta=149.719
564,-436.5372495026,-436.68529329166336,0.14804378906336524,92.89888021346084,Step 563  E=-436.5372495026  phi=117.241  theta=150.657
568,-436.5345959733,-436.6833514816515,0.14875550835154172,93.34549080966502,Step 567  E=-436.5345959733  phi=118.145  theta=150.789
572,-436.5277623873,-436.67648149904113,0.14871911174111574,93.32265159179894,Step 571  E=-436.5277623873  phi=119.141  theta=150.099
576,-436.5227607412,-436.67107498761476,0.14831424641477042,93.0685947637976,Step 575  E=-436.5227607412  phi=120.167  theta=148.804
580,-436.5251415181,-436.67355216168716,0.1484106435871695,93.12908490275092,Step 579  E=-436.5251415181  phi=121.085  theta=147.181
584,-436.5274095262,-436.67637976646705,0.1489702402670332,93.48023712101966,Step 583  E=-436.5274095262  phi=121.772  theta=145.442
588,-436.5275864503,-436.67644265008084,0.14885619978082332,93.40867563549618,Step 587  E=-436.5275864503  phi=122.193  theta=143.732
592,-436.5258174143,-436.6742172367123,0.14839982241232974,93.12229451301847,Step 591  E=-436.5258174143  phi=122.392  theta=142.247
596,-436.5277806959,-436.6771540803478,0.1493733844478129,93.73321391387232,Step 595  E=-436.5277806959  phi=122.427  theta=141.314
600,-436.5278095612,-436.6788734629666,0.1510639017665767,94.79402954746435,Step 599  E=-436.5278095612  phi=122.375  theta=141.253
604,-436.5253939849,-436.67685885551896,0.15146487061895186,95.04564130113397,Step 603  E=-436.5253939849  phi=122.360  theta=142.143
608,-436.5213277279,-436.6724224152428,0.15109468734283382,94.81334778823019,Step 607  E=-436.5213277279  phi=122.532  theta=143.690
612,-436.5225445251,-436.6739555269785,0.15141100187850043,95.01183815614485,Step 611  E=-436.5225445251  phi=122.999  theta=145.312
616,-436.5260579702,-436.67800421816725,0.15194624796725975,95.34771014779655,Step 615  E=-436.5260579702  phi=123.793  theta=146.472
620,-436.5270958029,-436.6787129142451,0.1516171113451037,95.14117379913249,Step 619  E=-436.5270958029  phi=124.898  theta=147.016
624,-436.5239180502,-436.67482200018236,0.15090394998236434,94.6936582874778,Step 623  E=-436.5239180502  phi=126.290  theta=147.034
628,-436.5230226439,-436.67428397553977,0.1512613316397733,94.9179186633583,Step 627  E=-436.5230226439  phi=127.932  theta=146.565
632,-436.5258103836,-436.67852261386196,0.15271223026195457,95.82837129468214,Step 631  E=-436.5258103836  phi=129.742  theta=145.561
636,-436.5252643313,-436.6788823786319,0.15361804733191775,96.39678008785211,Step 635  E=-436.5252643313  phi=131.612  theta=144.018
640,-436.5187755158,-436.6724850207951,0.15370950499510627,96.45417063797858,Step 639  E=-436.5187755158  phi=133.420  theta=142.065
644,-436.5164856599,-436.67132325625226,0.1548375963522517,97.16205865219604,Step 643  E=-436.5164856599  phi=135.003  theta=140.002
648,-436.5232507147,-436.6801423304469,0.1568916157469289,98.45097528226533,Step 647  E=-436.5232507147  phi=136.197  theta=138.245
652,-436.52680157,-436.6840168199315,0.15721524993153935,98.65405879923908,Step 651  E=-436.5268015700  phi=136.928  theta=137.115
656,-436.5209494279,-436.6766841795067,0.15573475160670114,97.72503207406855,Step 655  E=-436.5209494279  phi=137.241  theta=136.679
660,-436.5149961537,-436.67064669537285,0.15565054167285552,97.6721895427702,Step 659  E=-436.5149961537  phi=137.220  theta=136.822
664,-436.5147600475,-436.67224555759265,0.15748551009266976,98.82364961081022,Step 663  E=-436.5147600475  phi=136.908  theta=137.294
668,-436.5188661489,-436.67748461795964,0.15861846905966104,99.534592096322,Step 667  E=-436.5188661489  phi=136.329  theta=137.677
672,-436.5172550133,-436.67592846208845,0.1586734487884769,99.56909239703536,Step 671  E=-436.5172550133  phi=135.582  theta=42.396
676,-436.514130916,-436.673812396377,0.15968148037700303,100.2016417689904,Step 675  E=-436.5141309160  phi=134.866  theta=43.003
680,-436.5114591462,-436.6729762862064,0.1615171400063673,101.35353557757163,Step 679  E=-436.5114591462  phi=134.420  theta=44.009
684,-436.5116936083,-436.67372030223123,0.1620266939312387,101.67328549297447,Step 683  E=-436.5116936083  phi=134.455  theta=45.200
688,-436.5122269261,-436.6733936046962,0.16116667859614608,101.1336177223643,Step 687  E=-436.5122269261  phi=135.092  theta=46.391
692,-436.5195057328,-436.68048175051234,0.1609760177123576,101.01397621145378,Step 691  E=-436.5195057328  phi=136.312  theta=47.470
696,-436.5183909575,-436.67988636014877,0.16149540264876805,101.33989517973701,Step 695  E=-436.5183909575  phi=137.934  theta=48.376
700,-436.510310491,-436.67147225193594,0.16116176093595413,101.13053184400364,Step 699  E=-436.5103104910  phi=139.693  theta=49.069
704,-436.5036905814,-436.66386478881884,0.1601742074188337,100.51083265586622,Step 703  E=-436.5036905814  phi=141.388  theta=49.557
708,-436.5068272356,-436.66721752916135,0.16039029356136325,100.64642875751727,Step 707  E=-436.5068272356  phi=142.948  theta=49.907
712,-436.5110099343,-436.672947226701,0.16193729240103494,101.61718518577588,Step 711  E=-436.5110099343  phi=144.317  theta=50.200
716,-436.5101766588,-436.6731925666907,0.16301590789072407,102.29402662442702,Step 715  E=-436.5101766588  phi=145.392  theta=50.510
720,-436.5098691268,-436.67308815767444,0.1632190308744157,102.42148822109347,Step 719  E=-436.5098691268  phi=146.089  theta=50.905
724,-436.5132395558,-436.6771551481155,0.16391559231550445,102.85858712464372,Step 723  E=-436.5132395558  phi=146.374  theta=51.442
728,-436.5125687686,-436.6776383759315,0.16506960733153164,103.58274248041187,Step 727  E=-436.5125687686  phi=146.242  theta=52.162
732,-436.5045130713,-436.6700177293492,0.16550465804920123,103.85574092744747,Step 731  E=-436.5045130713  phi=145.724  theta=53.064
736,-436.5003257791,-436.6660382527507,0.16571247365067165,103.9861471862283,Step 735  E=-436.5003257791  phi=144.947  theta=54.083
740,-436.4974760554,-436.6638570009354,0.1663809455354226,104.40561962705432,Step 739  E=-436.4974760554  phi=144.167  theta=55.122
744,-436.4998922445,-436.6668673352586,0.16697509075856942,104.77845138354829,Step 743  E=-436.4998922445  phi=143.659  theta=56.070
748,-436.5009279537,-436.66852856035683,0.1676006066568334,105.17096853588603,Step 747  E=-436.5009279537  phi=143.531  theta=56.835
752,-436.5087738725,-436.6775902006528,0.16881632815278635,105.93384529241867,Step 751  E=-436.5087738725  phi=143.688  theta=57.377
756,-436.5073978566,-436.67675290772115,0.16935505112115834,106.27189905896749,Step 755  E=-436.5073978566  phi=143.967  theta=57.699
760,-436.5023068,-436.67079788921524,0.16849108921525158,105.72975477778138,Step 759  E=-436.5023068000  phi=144.253  theta=57.826
764,-436.4948645952,-436.6624772497797,0.1676126545797274,105.1785287216448,Step 763  E=-436.4948645952  phi=144.537  theta=57.824
768,-436.5037994938,-436.67122317171885,0.1674236779188618,105.05994407657482,Step 767  E=-436.5037994938  phi=144.924  theta=57.796
772,-436.5101311942,-436.6770511997412,0.16692000554115793,104.74388488774176,Step 771  E=-436.5101311942  phi=145.525  theta=57.884
776,-436.5063382063,-436.6726511363746,0.1663129300746391,104.36293928102991,Step 775  E=-436.5063382063  phi=146.374  theta=58.217
780,-436.4985518485,-436.66585374427234,0.16730189577236843,104.98352462587849,Step 779  E=-436.4985518485  phi=147.404  theta=58.827
784,-436.4994714139,-436.66941179653736,0.1699403826373782,106.63920013086317,Step 783  E=-436.4994714139  phi=148.397  theta=59.653
788,-436.4981914511,-436.6696691362327,0.17147768513268602,107.60387201116967,Step 787  E=-436.4981914511  phi=149.028  theta=60.591
792,-436.4889664235,-436.66036628336485,0.17139985986483453,107.55503591827136,Step 791  E=-436.4889664235  phi=149.025  theta=61.535
796,-436.4931632036,-436.665443544465,0.1722803408650293,108.10754608762613,Step 795  E=-436.4931632036  phi=148.307  theta=62.417
800,-436.5038763726,-436.67718883106767,0.17331245846764887,108.7552096616172,Step 799  E=-436.5038763726  phi=147.038  theta=63.200
804,-436.5126285908,-436.6847776042368,0.17214901343680822,108.02513688221306,Step 803  E=-436.5126285908  phi=145.561  theta=63.852
808,-436.5026148978,-436.67287543051395,0.17026053271393948,106.8400973370274,Step 807  E=-436.5026148978  phi=144.250  theta=64.376
812,-436.5000956686,-436.6705440653442,0.17044839674417744,106.9579837958374,Step 811  E=-436.5000956686  phi=143.354  theta=64.806
816,-436.4967085263,-436.6687075943056,0.17199906800561848,107.93104470354902,Step 815  E=-436.4967085263  phi=142.904  theta=65.177
820,-436.4994045584,-436.67170613343774,0.1723015750377499,108.1208707321822,Step 819  E=-436.4994045584  phi=142.756  theta=65.529
824,-436.4933637488,-436.6652643289262,0.17190058012619147,107.8692426261282,Step 823  E=-436.4933637488  phi=142.754  theta=65.897
828,-436.4965126433,-436.6702680891179,0.17375544581790336,109.03318842079202,Step 827  E=-436.4965126433  phi=142.848  theta=66.281
832,-436.4934917853,-436.6692831399354,0.17579135463535067,110.3107404920688,Step 831  E=-436.4934917853  phi=143.084  theta=66.666
836,-436.4925327835,-436.6674948554913,0.17496207199133096,109.79035777627033,Step 835  E=-436.4925327835  phi=143.510  theta=67.022
840,-436.4940670131,-436.66767886803973,0.17361185493973608,108.94308378435299,Step 839  E=-436.4940670131  phi=144.106  theta=67.302
844,-436.5040492815,-436.6778263018747,0.17377702037470044,109.04672665958088,Step 843  E=-436.5040492815  phi=144.773  theta=67.487
848,-436.5041944021,-436.67808280247215,0.1738884003721637,109.1166186632102,Step 847  E=-436.5041944021  phi=145.400  theta=67.577
852,-436.4956367747,-436.668704884012,0.17306810931199834,108.60187825146718,Step 851  E=-436.4956367747  phi=145.916  theta=67.599
856,-436.4973070011,-436.6695950546514,0.17228805355136956,108.11238587137512,Step 855  E=-436.4973070011  phi=146.304  theta=67.610
860,-436.4973320633,-436.66960389538605,0.17227183208603947,108.1022067481973,Step 859  E=-436.4973320633  phi=146.610  theta=67.640
864,-436.4990624023,-436.6714064501912,0.17234404789121527,108.14752285012221,Step 863  E=-436.4990624023  phi=146.919  theta=67.688
868,-436.4898533992,-436.66155542479964,0.1717020255996431,107.74464777960097,Step 867  E=-436.4898533992  phi=147.254  theta=67.775
872,-436.5009385437,-436.6722847485424,0.1713462048423935,107.52136688335854,Step 871  E=-436.5009385437  phi=147.479  theta=67.937
876,-436.5046400188,-436.6759120277908,0.17127200899079753,107.4748082835459,Step 875  E=-436.5046400188  phi=147.319  theta=68.215
880,-436.5060931018,-436.67699114658785,0.17089804478786164,107.24014220324317,Step 879  E=-436.5060931018  phi=146.558  theta=68.650
884,-436.4946723662,-436.6658195451682,0.17114717896816956,107.39647626169933,Step 883  E=-436.4946723662  phi=145.224  theta=69.225
888,-436.4982807162,-436.67046366637675,0.17218295017676155,108.04643250805259,Step 887  E=-436.4982807162  phi=143.574  theta=69.882
892,-436.4934535202,-436.66606873897575,0.1726152187757748,108.31768514927339,Step 891  E=-436.4934535202  phi=141.975  theta=70.578
896,-436.4937415813,-436.6669086578022,0.17316707650218177,108.6639811009287,Step 895  E=-436.4937415813  phi=140.792  theta=71.260
900,-436.4973256353,-436.6719516404238,0.17462600512379822,109.57947263297483,Step 899  E=-436.4973256353  phi=140.292  theta=71.885
904,-436.5066317286,-436.6819911521853,0.17535942358529155,110.03969966601468,Step 903  E=-436.5066317286  phi=140.553  theta=72.450
908,-436.5034543408,-436.6777326457989,0.1742783049989498,109.36128751049952,Step 907  E=-436.5034543408  phi=141.389  theta=72.940
912,-436.4909151753,-436.66422852399114,0.17331334869112425,108.75576828528204,Step 911  E=-436.4909151753  phi=142.391  theta=73.316
916,-436.4952742186,-436.6688953081329,0.1736210895329009,108.94887857905304,Step 915  E=-436.4952742186  phi=143.141  theta=73.525
920,-436.5000867628,-436.6728855300413,0.17279876724131782,108.43286355035139,Step 919  E=-436.5000867628  phi=143.458  theta=73.513
924,-436.5006027918,-436.6707128667161,0.17011007491606733,106.74568364341596,Step 923  E=-436.5006027918  phi=143.507  theta=73.296
928,-436.494316425,-436.66328403920875,0.16896761420872508,106.02877872581386,Step 927  E=-436.4943164250  phi=143.652  theta=72.961
932,-436.5009125805,-436.67127086000494,0.17035827950491012,106.90143437442073,Step 931  E=-436.5009125805  phi=144.162  theta=72.592
936,-436.5018265122,-436.6727671777002,0.17094066550021125,107.26688710403387,Step 935  E=-436.5018265122  phi=144.979  theta=72.252
940,-436.5010835288,-436.6713960933326,0.17031256453259402,106.87274779618586,Step 939  E=-436.5010835288  phi=145.747  theta=71.983
944,-436.4986987298,-436.669990147492,0.1712914176919753,107.4869874274142,Step 943  E=-436.4986987298  phi=146.031  theta=71.816
948,-436.4997473542,-436.67310058081034,0.17335322661034525,108.78079205739914,Step 947  E=-436.4997473542  phi=145.548  theta=71.790
952,-436.496679911,-436.6700384782407,0.17335856724071164,108.78414335355151,Step 951  E=-436.4966799110  phi=144.281  theta=71.906
956,-436.4957286339,-436.66764143983715,0.1719128059371542,107.8769144383354,Step 955  E=-436.4957286339  phi=142.446  theta=72.099
960,-436.5046475184,-436.67612211401763,0.17147459561761025,107.60193331118936,Step 959  E=-436.5046475184  phi=140.390  theta=72.264
964,-436.5077263152,-436.67920930377386,0.1714829885738709,107.60719997075832,Step 963  E=-436.5077263152  phi=138.479  theta=72.281
968,-436.5022822417,-436.67255010450197,0.17026786280194983,106.84469703669961,Step 967  E=-436.5022822417  phi=137.002  theta=72.061
972,-436.4960070803,-436.664779010339,0.16877193003898583,105.90598505537831,Step 971  E=-436.4960070803  phi=136.125  theta=71.584
976,-436.4996975052,-436.6685219820104,0.16882447681041413,105.93895865228099,Step 975  E=-436.4996975052  phi=135.887  theta=70.856
980,-436.5015559548,-436.67086540020244,0.16930944540246173,106.24328103841391,Step 979  E=-436.5015559548  phi=136.215  theta=69.923
984,-436.5033299072,-436.67209994370245,0.16877003650245115,105.90479684326331,Step 983  E=-436.5033299072  phi=136.962  theta=68.854
988,-436.5026975836,-436.6709826050643,0.16828502146427127,105.60044531174236,Step 987  E=-436.5026975836  phi=137.952  theta=67.724
992,-436.5050226789,-436.67327213403456,0.16824945513457124,105.57812710289794,Step 991  E=-436.5050226789  phi=139.000  theta=66.662
996,-436.5009290311,-436.668443600854,0.1675145697540188,105.11697956425081,Step 995  E=-436.5009290311  phi=139.938  theta=65.811
1000,-436.4995136556,-436.6664344341062,0.16692077850615306,104.74436993059932,Step 999  E=-436.4995136556  phi=140.623  theta=65.257
1004,-436.5041964312,-436.67144339213945,0.16724696093945113,104.94905249776681,Step 1003  E=-436.5041964312  phi=140.936  theta=65.032
1008,-436.5059370303,-436.67330176322946,0.16736473292945675,105.0229555372746,Step 1007  E=-436.5059370303  phi=140.795  theta=65.079
1012,-436.5018584663,-436.6690551287408,0.16719666244080145,104.91748971333298,Step 1011  E=-436.5018584663  phi=140.193  theta=65.228
1016,-436.5024457982,-436.6695962489887,0.1671504507887107,104.88849146383394,Step 1015  E=-436.5024457982  phi=139.205  theta=65.310
1020,-436.5130367076,-436.67972337334896,0.16668666574895497,104.59746195745848,Step 1019  E=-436.5130367076  phi=137.968  theta=65.223
1024,-436.5139269605,-436.6794907659174,0.16556380541743465,103.89285646137985,Step 1023  E=-436.5139269605  phi=136.673  theta=64.934
1028,-436.507654684,-436.6718724570194,0.1642177730194021,103.04820837921855,Step 1027  E=-436.5076546840  phi=135.519  theta=64.441
1032,-436.4987176078,-436.66222001962274,0.1635024118227193,102.59931245092297,Step 1031  E=-436.4987176078  phi=134.633  theta=63.702
1036,-436.5052426094,-436.66859848555504,0.16335587615503755,102.50735993116452,Step 1035  E=-436.5052426094  phi=134.052  theta=62.659
1040,-436.5081206808,-436.67068028798246,0.16255960718245888,102.0076936069689,Step 1039  E=-436.5081206808  phi=133.728  theta=61.330
1044,-436.5116022515,-436.67350713461997,0.16190488311997342,101.5968480548622,Step 1043  E=-436.5116022515  phi=133.597  theta=59.817
1048,-436.5094568397,-436.6719561858495,0.16249934614950234,101.96987923787185,Step 1047  E=-436.5094568397  phi=133.663  theta=58.250
1052,-436.5108720072,-436.67387596550117,0.16300395830114667,102.28652814375603,Step 1051  E=-436.5108720072  phi=133.995  theta=56.742
1056,-436.5076644978,-436.6698944297554,0.16222993195538038,101.80081927861325,Step 1055  E=-436.5076644978  phi=134.654  theta=55.297
1060,-436.5101314874,-436.67123406288863,0.16110257548865548,101.09339241509707,Step 1059  E=-436.5101314874  phi=135.598  theta=53.858
1064,-436.5145817599,-436.6751868953649,0.1606051354648912,100.7812440874068,Step 1063  E=-436.5145817599  phi=136.646  theta=52.416
1068,-436.5176712703,-436.67762539001205,0.1599541197120402,100.37272553472849,Step 1067  E=-436.5176712703  phi=137.529  theta=51.012
1072,-436.5140735165,-436.6721676168542,0.15809410035421934,99.20554576575513,Step 1071  E=-436.5140735165  phi=138.001  theta=49.713
1076,-436.5093634323,-436.6657610880864,0.15639765578640663,98.14101072722977,Step 1075  E=-436.5093634323  phi=137.932  theta=48.633
1080,-436.5127341567,-436.6689116817351,0.15617752503510474,98.0028765952552,Step 1079  E=-436.5127341567  phi=137.340  theta=47.801
1084,-436.5138408458,-436.66993610798056,0.1560952621805427,97.95125587465405,Step 1083  E=-436.5138408458  phi=136.387  theta=47.019
1088,-436.5132449702,-436.66855631743925,0.15531134723926243,97.45934182214107,Step 1087  E=-436.5132449702  phi=135.327  theta=46.027
1092,-436.5100053765,-436.6648660803325,0.15486070383252581,97.17655881498978,Step 1091  E=-436.5100053765  phi=134.420  theta=44.733
1096,-436.5154844132,-436.6704793393276,0.15499492612758559,97.26078457677028,Step 1095  E=-436.5154844132  phi=133.860  theta=43.213
1100,-436.5208792645,-436.67568994001624,0.15481067551621663,97.14516557253434,Step 1099  E=-436.5208792645  phi=133.718  theta=41.614
1104,-436.5253544914,-436.6796484371933,0.15429394579331301,96.8209127758823,Step 1103  E=-436.5253544914  phi=133.940  theta=40.095
1108,-436.5195073287,-436.67348041289404,0.15397308419403544,96.6195690824726,Step 1107  E=-436.5195073287  phi=134.373  theta=38.757
1112,-436.5167174596,-436.6705894383953,0.15387197879533687,96.55612448691032,Step 1111  E=-436.5167174596  phi=134.820  theta=37.614
1116,-436.5117420739,-436.66512091367724,0.15337883977724687,96.24667508102867,Step 1115  E=-436.5117420739  phi=135.097  theta=36.609
1120,-436.5174322545,-436.66968943019845,0.15225717569842345,95.54282024485072,Step 1119  E=-436.5174322545  phi=135.085  theta=35.584
1124,-436.5203804298,-436.6713679770526,0.15098754725261188,94.74611636656394,Step 1123  E=-436.5203804298  phi=134.754  theta=34.319
1128,-436.5236707344,-436.6737866569002,0.15011592250016292,94.19916357657432,Step 1127  E=-436.5236707344  phi=134.168  theta=32.730
1132,-436.5174105922,-436.6664682568115,0.1490576646115187,93.53509672544806,Step 1131  E=-436.5174105922  phi=133.461  theta=30.909
1136,-436.5186618015,-436.66620260920416,0.14754080770416067,92.58325464528284,Step 1135  E=-436.5186618015  phi=132.772  theta=29.004
1140,-436.521712602,-436.6681142171474,0.14640161514739702,91.86840052313148,Step 1139  E=-436.5217126020  phi=132.191  theta=27.205
1144,-436.5283646243,-436.6744369763501,0.1460723520500551,91.66178481009005,Step 1143  E=-436.5283646243  phi=131.732  theta=25.698
1148,-436.5252109775,-436.6712026802571,0.14599170275710094,91.61117661468484,Step 1147  E=-436.5252109775  phi=131.353  theta=24.513
1152,-436.5247928502,-436.6709239712423,0.14613112104228776,91.6986629094972,Step 1151  E=-436.5247928502  phi=131.005  theta=23.591
1156,-436.5197315696,-436.6662502373908,0.14651866779075817,91.94185216580473,Step 1155  E=-436.5197315696  phi=130.669  theta=22.892
1160,-436.5191253839,-436.6660808028827,0.14695541898265674,92.21591767652943,Step 1159  E=-436.5191253839  phi=130.355  theta=22.389
1164,-436.5162797726,-436.66336435687,0.14708458426997595,92.29697011804232,Step 1163  E=-436.5162797726  phi=130.059  theta=22.090
1168,-436.5183803386,-436.66518385063586,0.14680351203583086,92.1205946282202,Step 1167  E=-436.5183803386  phi=129.725  theta=22.060
1172,-436.522793271,-436.6691045543812,0.1463112833811806,91.81171648402183,Step 1171  E=-436.5227932710  phi=129.251  theta=22.322
1176,-436.5288475506,-436.6746752428259,0.1458276922259074,91.50825845251478,Step 1175  E=-436.5288475506  phi=128.524  theta=157.352
1180,-436.5294861074,-436.67486911130686,0.1453830039068862,91.22921231932376,Step 1179  E=-436.5294861074  phi=127.469  theta=157.282
1184,-436.5279237743,-436.67306283412125,0.14513905982124697,91.0761350944435,Step 1183  E=-436.5279237743  phi=126.081  theta=157.701
1188,-436.5258443496,-436.6712338742528,0.14538952465278498,91.23330414915321,Step 1187  E=-436.5258443496  phi=124.446  theta=158.753
1192,-436.5230108751,-436.66916867892763,0.14615780382763432,91.71540661009657,Step 1191  E=-436.5230108751  phi=122.717  theta=160.338
1196,-436.5214001902,-436.66835918194414,0.14695899174415672,92.21815961821925,Step 1195  E=-436.5214001902  phi=121.038  theta=162.041
1200,-436.5190558018,-436.66649085562005,0.14743505382006106,92.51689308109135,Step 1199  E=-436.5190558018  phi=119.478  theta=16.494
1204,-436.5224627204,-436.6702349775629,0.1477722571629556,92.72849137344343,Step 1203  E=-436.5224627204  phi=118.038  theta=15.361
1208,-436.5254549991,-436.673436940743,0.14798194164296774,92.86007037121504,Step 1207  E=-436.5254549991  phi=116.672  theta=14.620
1212,-436.5302562376,-436.6782568825695,0.14800064496949972,92.87180688581036,Step 1211  E=-436.5302562376  phi=115.321  theta=14.317
1216,-436.5314192846,-436.67932407304005,0.1479047884400302,92.81165600541742,Step 1215  E=-436.5314192846  phi=113.944  theta=14.400
1220,-436.5317052519,-436.6795584993158,0.14785324741581007,92.77931352441638,Step 1219  E=-436.5317052519  phi=112.563  theta=14.815
1224,-436.523242114,-436.6711872058409,0.14794509184088156,92.83694677128862,Step 1223  E=-436.5232421140  phi=111.276  theta=15.568
1228,-436.5194893057,-436.66752237784516,0.1480330721451537,92.89215524575035,Step 1227  E=-436.5194893057  phi=110.209  theta=163.388
1232,-436.5185649343,-436.66627304062297,0.14770810632296616,92.68823611358096,Step 1231  E=-436.5185649343  phi=109.408  theta=162.136
1236,-436.5262401178,-436.67346330627635,0.14722318847634597,92.3839455706845,Step 1235  E=-436.5262401178  phi=108.780  theta=160.630
1240,-436.5302364864,-436.67722143161893,0.14698494521894645,92.23444566953465,Step 1239  E=-436.5302364864  phi=108.133  theta=158.755
1244,-436.5322372103,-436.67938760558235,0.1471503952823241,92.33826715178847,Step 1243  E=-436.5322372103  phi=107.280  theta=156.489
1248,-436.529249667,-436.67721123748703,0.14796157048704117,92.8472872778735,Step 1247  E=-436.5292496670  phi=106.119  theta=153.822
1252,-436.5282391887,-436.67764573467645,0.14940654597643288,93.75402308725577,Step 1251  E=-436.5282391887  phi=104.657  theta=150.795
1256,-436.5205706599,-436.67139253402314,0.15082187412315307,94.64215490823085,Step 1255  E=-436.5205706599  phi=102.991  theta=147.613
1260,-436.5171797276,-436.6691375312146,0.15195780361455036,95.35496142595034,Step 1259  E=-436.5171797276  phi=101.233  theta=144.596
1264,-436.5162198473,-436.6690623940843,0.15284254678425668,95.91014614705367,Step 1263  E=-436.5162198473  phi=99.460  theta=141.971
1268,-436.520344367,-436.67355171128486,0.1532073442848514,96.13906003479138,Step 1267  E=-436.5203443670  phi=97.679  theta=139.855
1272,-436.5226080946,-436.6754048694282,0.15279677482817533,95.88142381096623,Step 1271  E=-436.5226080946  phi=95.855  theta=138.346
1276,-436.5224807165,-436.6744647326417,0.15198401614168233,95.37141003506478,Step 1275  E=-436.5224807165  phi=93.965  theta=137.568
1280,-436.5263913841,-436.67772553302814,0.1513341489281288,94.96361220167695,Step 1279  E=-436.5263913841  phi=92.038  theta=137.626
1284,-436.5310378941,-436.68171641745175,0.15067852335175758,94.55220094106593,Step 1283  E=-436.5310378941  phi=90.176  theta=138.569
1288,-436.5301356985,-436.679662733856,0.14952703535601586,93.82963131446807,Step 1287  E=-436.5301356985  phi=88.558  theta=140.329
1292,-436.5173424184,-436.6656054255913,0.1482630071913036,93.03644166562853,Step 1291  E=-436.5173424184  phi=87.380  theta=142.543
1296,-436.5124995759,-436.66045636320854,0.14795678730854434,92.84428578805061,Step 1295  E=-436.5124995759  phi=86.735  theta=144.567
1300,-436.5164830204,-436.665153655847,0.14867063544699022,93.29223225796771,Step 1299  E=-436.5164830204  phi=86.518  theta=145.865
1304,-436.5267466163,-436.67629468196066,0.14954806566066736,93.84282802987933,Step 1303  E=-436.5267466163  phi=86.483  theta=146.248
1308,-436.5272967782,-436.6775758703975,0.15027909219747926,94.30155410752033,Step 1307  E=-436.5272967782  phi=86.382  theta=145.730
1312,-436.5235000827,-436.67480839108663,0.15130830838660358,94.94739701705497,Step 1311  E=-436.5235000827  phi=86.065  theta=144.405
1316,-436.5184531699,-436.6709615820727,0.15250841217272182,95.70047351270316,Step 1315  E=-436.5184531699  phi=85.480  theta=142.429
1320,-436.5206134638,-436.6737823456576,0.15316888185765265,96.11492449732872,Step 1319  E=-436.5206134638  phi=84.647  theta=140.015
1324,-436.5239195672,-436.6768875486883,0.15296798148830248,95.98885761221871,Step 1323  E=-436.5239195672  phi=83.629  theta=137.523
1328,-436.526142205,-436.678622447201,0.15248024220102252,95.68279658857774,Step 1327  E=-436.5261422050  phi=82.473  theta=135.452
1332,-436.5254944578,-436.67765257740234,0.1521581196023476,95.4806616060994,Step 1331  E=-436.5254944578  phi=81.154  theta=134.241
1336,-436.5221665337,-436.6736783433728,0.15151180967279743,95.07509600212562,Step 1335  E=-436.5221665337  phi=79.578  theta=134.134
1340,-436.5207804657,-436.67084373005974,0.15006326435974415,94.16612009457499,Step 1339  E=-436.5207804657  phi=77.663  theta=135.201
1344,-436.5188174623,-436.66730720563186,0.14848974333187925,93.17872074195226,Step 1343  E=-436.5188174623  phi=75.456  theta=137.312
1348,-436.5216025911,-436.6694368545964,0.1478342634964065,92.76740093513578,Step 1347  E=-436.5216025911  phi=73.192  theta=140.152
1352,-436.5232321369,-436.6710598596927,0.1478277227927265,92.76329658160954,Step 1351  E=-436.5232321369  phi=71.253  theta=143.244
1356,-436.5283957949,-436.67611525187203,0.14771945697202682,92.69535875340328,Step 1355  E=-436.5283957949  phi=70.008  theta=145.933
1360,-436.5274939738,-436.67530427970064,0.14781030590063438,92.75236731681301,Step 1359  E=-436.5274939738  phi=69.656  theta=147.620
1364,-436.5261282712,-436.6747204366852,0.14859216548524046,93.24299161354037,Step 1363  E=-436.5261282712  phi=70.162  theta=148.137
1368,-436.52373933,-436.6731640358236,0.14942470582360556,93.76541856340417,Step 1367  E=-436.5237393300  phi=71.289  theta=147.703
1372,-436.5275096097,-436.6772636668264,0.14975405712635848,93.97208962617664,Step 1371  E=-436.5275096097  phi=72.694  theta=146.595
1376,-436.5277620754,-436.67756127919125,0.14979920379124678,94.00041958611641,Step 1375  E=-436.5277620754  phi=74.028  theta=145.031
1380,-436.5235936102,-436.6736113114243,0.1500177012242716,94.13752879539796,Step 1379  E=-436.5235936102  phi=74.996  theta=143.214
1384,-436.5144039495,-436.6646862855777,0.150282336077737,94.30358967311479,Step 1383  E=-436.5144039495  phi=75.414  theta=141.354
1388,-436.5135192876,-436.663430866116,0.14991157851602566,94.07093579056038,Step 1387  E=-436.5135192876  phi=75.241  theta=139.706
1392,-436.5183049994,-436.6670110173287,0.14870601792870275,93.31443510045818,Step 1391  E=-436.5183049994  phi=74.541  theta=138.560
1396,-436.5264654776,-436.6740467488736,0.14758127127356602,92.60864591843911,Step 1395  E=-436.5264654776  phi=73.401  theta=138.117
1400,-436.5270588897,-436.6741670658434,0.14710817614337657,92.31177424211211,Step 1399  E=-436.5270588897  phi=71.869  theta=138.365
1404,-436.5289987914,-436.67607557256696,0.14707678116695888,92.29207359697202,Step 1403  E=-436.5289987914  phi=69.978  theta=139.102
1408,-436.5294029501,-436.67672280759234,0.14731985749233445,92.44460629406564,Step 1407  E=-436.5294029501  phi=67.821  theta=140.043
1412,-436.5272312507,-436.6754442944105,0.14821304371048427,93.00508910805723,Step 1411  E=-436.5272312507  phi=65.606  theta=140.952
1416,-436.5208596402,-436.67049507585944,0.14963543565943382,93.89765353185416,Step 1415  E=-436.5208596402  phi=63.632  theta=141.703
1420,-436.5165118563,-436.66706594521787,0.15055408891788602,94.47411715491185,Step 1419  E=-436.5165118563  phi=62.198  theta=142.227
1424,-436.5154850796,-436.66610754406815,0.15062246446814243,94.51702346049203,Step 1423  E=-436.5154850796  phi=61.480  theta=142.482
1428,-436.517201981,-436.6679816936491,0.15077971264906864,94.61569818380241,Step 1427  E=-436.5172019810  phi=61.464  theta=37.526
1432,-436.5220628609,-436.67348689106393,0.15142403016392336,95.02001352867855,Step 1431  E=-436.5220628609  phi=61.992  theta=37.745
1436,-436.528200384,-436.67995413808734,0.1517537540873377,95.2269184144463,Step 1435  E=-436.5282003840  phi=62.852  theta=38.098
1440,-436.5321556802,-436.6835483176725,0.15139263747249743,95.00031431739242,Step 1439  E=-436.5321556802  phi=63.850  theta=38.488
1444,-436.527348121,-436.6786062609912,0.15125813999122784,94.91591587365814,Step 1443  E=-436.5273481210  phi=64.825  theta=38.844
1448,-436.5192416606,-436.6712064322556,0.15196477165557098,95.35933393770644,Step 1447  E=-436.5192416606  phi=65.589  theta=39.182
1452,-436.5093279663,-436.6617930404611,0.15246507416105715,95.67327849979651,Step 1451  E=-436.5093279663  phi=65.914  theta=39.599
1456,-436.5116603903,-436.66381969569693,0.15215930539693545,95.48140570343759,Step 1455  E=-436.5116603903  phi=65.583  theta=40.188
1460,-436.5189763732,-436.67104879139754,0.1520724181975197,95.4268831626294,Step 1459  E=-436.5189763732  phi=64.471  theta=40.955
1464,-436.529279899,-436.682085811467,0.15280591246698805,95.88715776589177,Step 1463  E=-436.5292798990  phi=62.616  theta=41.754
1468,-436.5247374852,-436.67813990269156,0.15340241749157713,96.26147032014765,Step 1467  E=-436.5247374852  phi=60.221  theta=42.398
1472,-436.5202293055,-436.67347700369237,0.15324769819238782,96.16438249408596,Step 1471  E=-436.5202293055  phi=57.583  theta=42.772
1476,-436.5167679808,-436.66990311876816,0.1531351379681496,96.09374988697381,Step 1475  E=-436.5167679808  phi=54.991  theta=42.822
1480,-436.5236490845,-436.6775011749488,0.1538520904488223,96.54364436104898,Step 1479  E=-436.5236490845  phi=52.672  theta=42.550
1484,-436.5221343466,-436.67620588847075,0.15407154187073502,96.68135220739582,Step 1483  E=-436.5221343466  phi=50.778  theta=42.022
1488,-436.5206784506,-436.6737285540842,0.1530501034842473,96.04038994270306,Step 1487  E=-436.5206784506  phi=49.408  theta=41.339
1492,-436.518406896,-436.6707088560311,0.1523019600311386,95.57092283791907,Step 1491  E=-436.5184068960  phi=48.623  theta=40.624
1496,-436.52236752,-436.67485091600076,0.15248339600077543,95.684775627802,Step 1495  E=-436.5223675200  phi=48.429  theta=40.020
1500,-436.5215407825,-436.6738739590492,0.1523331765492344,95.59051149877143,Step 1499  E=-436.5215407825  phi=48.751  theta=39.668
1504,-436.5198639313,-436.6718266103976,0.15196267909760763,95.35802083775941,Step 1503  E=-436.5198639313  phi=49.436  theta=39.676
1508,-436.5213207571,-436.6741385895739,0.15281783247388603,95.89463768315115,Step 1507  E=-436.5213207571  phi=50.291  theta=40.093
1512,-436.5211410954,-436.6757658948861,0.15462479948610053,97.02852660263524,Step 1511  E=-436.5211410954  phi=51.079  theta=40.879
1516,-436.5213236158,-436.67738404828754,0.15606043248754986,97.92939991232234,Step 1515  E=-436.5213236158  phi=51.524  theta=41.871
1520,-436.5170566312,-436.6741738049063,0.15711717370629685,98.59251503871907,Step 1519  E=-436.5170566312  phi=51.387  theta=42.804
1524,-436.5204146773,-436.67872498530545,0.15831030800546841,99.34121811527886,Step 1523  E=-436.5204146773  phi=50.555  theta=43.416
1528,-436.5159024108,-436.6749129942792,0.1590105834792439,99.78064760952701,Step 1527  E=-436.5159024108  phi=49.080  theta=43.541
1532,-436.513982908,-436.6726728865075,0.158689978507482,99.57946495231468,Step 1531  E=-436.5139829080  phi=47.151  theta=43.138
1536,-436.5088280049,-436.6666139703641,0.15778596546408608,99.01218820290711,Step 1535  E=-436.5088280049  phi=44.997  theta=42.284
1540,-436.5199726187,-436.6771780631495,0.15720544444945972,98.64790576633635,Step 1539  E=-436.5199726187  phi=42.796  theta=41.104
1544,-436.5205430578,-436.6771174648284,0.1565744070284154,98.2519238061427,Step 1543  E=-436.5205430578  phi=40.622  theta=39.722
1548,-436.5223655911,-436.6779587823396,0.15559319123957494,97.63620160254501,Step 1547  E=-436.5223655911  phi=38.464  theta=38.279
1552,-436.5151752971,-436.6707825542936,0.1556072571936511,97.64502812198954,Step 1551  E=-436.5151752971  phi=36.337  theta=37.007
1556,-436.5144373626,-436.67170688746666,0.15726952486664914,98.68811683522463,Step 1555  E=-436.5144373626  phi=34.406  theta=36.198
1560,-436.5037570196,-436.66216686413463,0.15840984453461715,99.40367823033505,Step 1559  E=-436.5037570196  phi=32.959  theta=36.062
1564,-436.5033145856,-436.6614327462307,0.15811816063069273,99.22064381719076,Step 1563  E=-436.5033145856  phi=32.254  theta=36.626
1568,-436.5086167184,-436.66681927854637,0.15820256014637835,99.27360531288983,Step 1567  E=-436.5086167184  phi=32.345  theta=37.787
1572,-436.5197725291,-436.6790122056652,0.15923967656516425,99.92440569138437,Step 1571  E=-436.5197725291  phi=33.048  theta=39.433
1576,-436.5127559946,-436.6724537055109,0.1596977109109048,100.21182658278285,Step 1575  E=-436.5127559946  phi=34.046  theta=41.454
1580,-436.5014804172,-436.6612260778794,0.15974566067939122,100.24191551678722,Step 1579  E=-436.5014804172  phi=35.051  theta=43.647
1584,-436.5002431803,-436.6608870002084,0.16064381990838683,100.80551894219917,Step 1583  E=-436.5002431803  phi=35.919  theta=45.762
1588,-436.5106054577,-436.6726666581472,0.16206120044716954,101.69493865863798,Step 1587  E=-436.5106054577  phi=36.610  theta=47.627
1592,-436.5111706318,-436.67379479303764,0.16262416123765888,102.0482018881961,Step 1591  E=-436.5111706318  phi=37.070  theta=49.173
1596,-436.5012529656,-436.66367569555223,0.16242272995225449,101.92180184823214,Step 1595  E=-436.5012529656  phi=37.192  theta=50.414
1600,-436.49607982,-436.6587657915929,0.1626859715929072,102.08698847170963,Step 1599  E=-436.4960798200  phi=36.880  theta=51.477
1604,-436.4987193106,-436.6616065283139,0.16288721771388737,102.21327231924313,Step 1603  E=-436.4987193106  phi=36.118  theta=52.568
1608,-436.5012910558,-436.66271146783043,0.1614204120304521,101.2928378562779,Step 1607  E=-436.5012910558  phi=34.983  theta=53.775
1612,-436.496658407,-436.6562445003251,0.15958609332511742,100.14178549022922,Step 1611  E=-436.4966584070  phi=33.595  theta=54.932
1616,-436.5029778852,-436.66290946420617,0.1599315790061837,100.35858102825146,Step 1615  E=-436.5029778852  phi=32.101  theta=55.798
1620,-436.5075888693,-436.669026325099,0.1614374557990459,101.30353298254424,Step 1619  E=-436.5075888693  phi=30.738  theta=56.312
1624,-436.5103202894,-436.672685923397,0.16236563399701254,101.88597359538713,Step 1623  E=-436.5103202894  phi=29.791  theta=56.501
1628,-436.5013652535,-436.6647338601237,0.1633686066236919,102.51534842085438,Step 1627  E=-436.5013652535  phi=29.486  theta=56.388
1632,-436.5038453084,-436.66886942516595,0.16502411676594875,103.55419671952811,Step 1631  E=-436.5038453084  phi=29.920  theta=55.982
1636,-436.4999405801,-436.66598062537696,0.16604004527698635,104.19170148517502,Step 1635  E=-436.4999405801  phi=31.009  theta=55.254
1640,-436.5025723701,-436.6682647217734,0.16569235167344232,103.97352045488,Step 1639  E=-436.5025723701  phi=32.463  theta=54.205
1644,-436.5027777075,-436.6674728240134,0.16469511651337143,103.34774594406669,Step 1643  E=-436.5027777075  phi=33.894  theta=53.014
1648,-436.5131729104,-436.6773062383606,0.16413332796059876,102.99521830478164,Step 1647  E=-436.5131729104  phi=35.034  theta=51.941
1652,-436.5081545681,-436.67195797160025,0.16380340350025335,102.78818758018974,Step 1651  E=-436.5081545681  phi=35.896  theta=51.121
1656,-436.5038434326,-436.6672712992722,0.16342786667223663,102.55253466274964,Step 1655  E=-436.5038434326  phi=36.695  theta=50.628
1660,-436.500683212,-436.6644462025228,0.1637629905227982,102.76282805396153,Step 1659  E=-436.5006832120  phi=37.602  theta=50.647
1664,-436.504723485,-436.6695001527463,0.1647766677463096,103.39892011535692,Step 1663  E=-436.5047234850  phi=38.613  theta=51.300
1668,-436.4992790505,-436.66430845730105,0.16502940680106803,103.55751626668358,Step 1667  E=-436.4992790505  phi=39.562  theta=52.506
1672,-436.4936894178,-436.65865353660206,0.16496411880206097,103.51654742876403,Step 1671  E=-436.4936894178  phi=40.185  theta=54.111
1676,-436.4972779522,-436.6630867379294,0.16580878572938218,104.04658392808585,Step 1675  E=-436.4972779522  phi=40.239  theta=55.884
1680,-436.5010379238,-436.6676833652869,0.1666454414868781,104.57159334244399,Step 1679  E=-436.5010379238  phi=39.649  theta=57.478
1684,-436.496789876,-436.66327536788447,0.1664854918844867,104.47122345157075,Step 1683  E=-436.4967898760  phi=38.602  theta=58.650
1688,-436.4872834075,-436.65372533946066,0.16644193196066226,104.44388918668145,Step 1687  E=-436.4872834075  phi=37.480  theta=59.358
1692,-436.495323702,-436.6623324890818,0.1670087870817838,104.7995961456064,Step 1691  E=-436.4953237020  phi=36.649  theta=59.586
1696,-436.5008786347,-436.66741971680375,0.16654108210377672,104.50610684084049,Step 1695  E=-436.5008786347  phi=36.314  theta=59.364
1700,-436.5026708921,-436.6679081218657,0.16523722976569388,103.68792714591419,Step 1699  E=-436.5026708921  phi=36.523  theta=58.837
1704,-436.4985970844,-436.6636800247427,0.16508294034269966,103.59110907123758,Step 1703  E=-436.4985970844  phi=37.216  theta=58.135
1708,-436.5006913677,-436.6663588254936,0.16566745779363146,103.9578993094525,Step 1707  E=-436.5006913677  phi=38.229  theta=57.431
1712,-436.4956418566,-436.6608351289365,0.16519327233652348,103.6603434426543,Step 1711  E=-436.4956418566  phi=39.316  theta=57.113
1716,-436.4894912904,-436.6538399696237,0.16434867922367857,103.13035326261567,Step 1715  E=-436.4894912904  phi=40.254  theta=57.535
1720,-436.4929902233,-436.65798714679835,0.16499692349833595,103.53713268647034,Step 1719  E=-436.4929902233  phi=40.938  theta=58.696
1724,-436.5034431422,-436.6699319181925,0.1664887759924909,104.47328426045723,Step 1723  E=-436.5034431422  phi=41.360  theta=60.457
1728,-436.5081297926,-436.674897494589,0.16676770198898794,104.64831296582162,Step 1727  E=-436.5081297926  phi=41.550  theta=62.669
1732,-436.4991839396,-436.6657902151397,0.16660627553966378,104.54701633950634,Step 1731  E=-436.4991839396  phi=41.539  theta=65.019
1736,-436.4986610512,-436.666334848657,0.16767379745704147,105.21689645643085,Step 1735  E=-436.4986610512  phi=41.365  theta=67.224
1740,-436.4970887454,-436.6656237089436,0.16853496354360686,105.75728633449248,Step 1739  E=-436.4970887454  phi=41.067  theta=69.168
1744,-436.4961393398,-436.6639807042598,0.16784136445983222,105.3220463382224,Step 1743  E=-436.4961393398  phi=40.679  theta=70.691
1748,-436.4918845216,-436.6589581902472,0.16707366864716278,104.84030994257375,Step 1747  E=-436.4918845216  phi=40.250  theta=71.573
1752,-436.4971198539,-436.6638610029299,0.16674114902986048,104.63165073240472,Step 1751  E=-436.4971198539  phi=39.831  theta=71.706
1756,-436.5008208939,-436.6661449527241,0.1653240588240692,103.74241320266867,Step 1755  E=-436.5008208939  phi=39.429  theta=71.041
1760,-436.5067131363,-436.66991761983826,0.16320448353826578,102.41235962983703,Step 1759  E=-436.5067131363  phi=38.960  theta=69.411
1764,-436.5095463942,-436.6715280094931,0.16198161529308663,101.64499822045619,Step 1763  E=-436.5095463942  phi=38.329  theta=66.874
1768,-436.5068158755,-436.6689519345625,0.16213605906244766,101.74191314894026,Step 1767  E=-436.5068158755  phi=37.554  theta=63.923
1772,-436.501518138,-436.6646922458132,0.1631741078132336,102.3932985745978,Step 1771  E=-436.5015181380  phi=36.849  theta=61.103
1776,-436.4928571389,-436.6573040158121,0.16444687691210902,103.19197324243687,Step 1775  E=-436.4928571389  phi=36.513  theta=58.820
1780,-436.4994230498,-436.6653025522876,0.16587950248759853,104.09095936384165,Step 1779  E=-436.4994230498  phi=36.684  theta=57.308
1784,-436.5015821851,-436.66842821635964,0.16684603125963804,104.69746532525102,Step 1783  E=-436.5015821851  phi=37.271  theta=56.514
1788,-436.5049362296,-436.6719980156544,0.16706178605443256,104.83285350305911,Step 1787  E=-436.5049362296  phi=38.091  theta=56.233
1792,-436.4984980127,-436.66547302838416,0.16697501568415873,104.77840427364433,Step 1791  E=-436.4984980127  phi=38.939  theta=56.363
1796,-436.50033821,-436.6670674654838,0.16672925548380135,104.62418741957242,Step 1795  E=-436.5003382100  phi=39.613  theta=56.826
1800,-436.4970582169,-436.66305678527226,0.165998568372288,104.16567433452198,Step 1799  E=-436.4970582169  phi=40.006  theta=57.476
1804,-436.4981815759,-436.6634705070756,0.16528893117560983,103.72037027045886,Step 1803  E=-436.4981815759  phi=40.170  theta=58.163
1808,-436.4946259482,-436.65996266337504,0.16533671517504445,103.75035518281271,Step 1807  E=-436.4946259482  phi=40.249  theta=58.724
1812,-436.4926406763,-436.6583533858855,0.16571270958547757,103.98629523755426,Step 1811  E=-436.4926406763  phi=40.403  theta=58.993
1816,-436.4893625509,-436.6545702427466,0.16520769184660367,103.66939182184096,Step 1815  E=-436.4893625509  phi=40.772  theta=58.894
1820,-436.4945373632,-436.65887571284316,0.16433834964317384,103.12387135298586,Step 1819  E=-436.4945373632  phi=41.405  theta=58.449
1824,-436.5040456684,-436.66809653507323,0.16405086667322166,102.94347306570907,Step 1823  E=-436.5040456684  phi=42.201  theta=57.715
1828,-436.509665036,-436.67332534930426,0.16366031330426267,102.69839712656004,Step 1827  E=-436.5096650360  phi=42.914  theta=56.840
1832,-436.509098985,-436.6718911852407,0.16279220024074448,102.15364795464443,Step 1831  E=-436.5090989850  phi=43.307  theta=56.063
1836,-436.5062947345,-436.669078259588,0.16278352508800253,102.14820421410991,Step 1835  E=-436.5062947345  phi=43.324  theta=55.538
1840,-436.5063251245,-436.6702217752381,0.16389665073808146,102.84670110535708,Step 1839  E=-436.5063251245  phi=43.063  theta=55.293
1844,-436.5014271439,-436.6653981922857,0.1639710483856902,102.8933863340796,Step 1843  E=-436.5014271439  phi=42.657  theta=55.248
1848,-436.5035772057,-436.6662170924579,0.16263988675785868,102.05806980110604,Step 1847  E=-436.5035772057  phi=42.283  theta=55.264
1852,-436.5023834683,-436.66385884042876,0.1614753721287343,101.32732583864542,Step 1851  E=-436.5023834683  phi=42.205  theta=55.230
1856,-436.5121276616,-436.67279547614424,0.16066781454424017,100.82057580352384,Step 1855  E=-436.5121276616  phi=42.636  theta=55.069
1860,-436.512356929,-436.6717551364334,0.1593982074333553,100.02388531310571,Step 1859  E=-436.5123569290  phi=43.557  theta=54.701
1864,-436.5159055903,-436.6737795631065,0.15787397280649884,99.06741364405825,Step 1863  E=-436.5159055903  phi=44.751  theta=54.068
1868,-436.5136766394,-436.6709419208947,0.15726528149468777,98.6854540791169,Step 1867  E=-436.5136766394  phi=46.025  theta=53.176
1872,-436.5136641888,-436.67176723265135,0.15810304385132667,99.21115789492124,Step 1871  E=-436.5136641888  phi=47.323  theta=52.070
1876,-436.5081767114,-436.66675490350013,0.15857819210015123,99.50931792264313,Step 1875  E=-436.5081767114  phi=48.652  theta=50.857
1880,-436.5119912608,-436.6699475037771,0.1579562429770931,99.11903895553893,Step 1879  E=-436.5119912608  phi=50.017  theta=49.655
1884,-436.5112147475,-436.6691228245996,0.15790807709959154,99.08881441108014,Step 1883  E=-436.5112147475  phi=51.408  theta=48.497
1888,-436.5112521812,-436.66981508056614,0.15856289936613166,99.49972158716153,Step 1887  E=-436.5112521812  phi=52.749  theta=47.359
1892,-436.5084402851,-436.66645606174444,0.15801577664444721,99.15639689582936,Step 1891  E=-436.5084402851  phi=53.882  theta=46.256
1896,-436.5131222586,-436.6694082715454,0.15628601294542932,98.07095378680519,Step 1895  E=-436.5131222586  phi=54.647  theta=45.207
1900,-436.5207707045,-436.6757626304264,0.15499192592636746,97.2589019220818,Step 1899  E=-436.5207707045  phi=54.962  theta=44.174
1904,-436.5257331776,-436.6800381489293,0.15430497132933851,96.82783140419494,Step 1903  E=-436.5257331776  phi=54.840  theta=43.070
1908,-436.5205676841,-436.67373730264893,0.15316961854892952,96.11538677808441,Step 1907  E=-436.5205676841  phi=54.345  theta=41.772
1912,-436.5186658467,-436.67014279810155,0.15147695140154838,95.05322210666738,Step 1911  E=-436.5186658467  phi=53.564  theta=40.131
1916,-436.521163322,-436.6714451334723,0.1502818114722686,94.30326047821322,Step 1915  E=-436.5211633220  phi=52.644  theta=38.071
1920,-436.5227637147,-436.67272298856807,0.1499592738680917,94.1008650758506,Step 1919  E=-436.5227637147  phi=51.778  theta=35.670
1924,-436.5188718553,-436.66827268703145,0.14940083173144103,93.75043734438627,Step 1923  E=-436.5188718553  phi=51.132  theta=33.158
1928,-436.5173623888,-436.66545069966645,0.14808831086645569,92.92681806670247,Step 1927  E=-436.5173623888  phi=50.830  theta=30.829
1932,-436.5240257746,-436.6712577358197,0.14723196121974524,92.38945055028107,Step 1931  E=-436.5240257746  phi=51.005  theta=28.860
1936,-436.531082884,-436.678418549612,0.1473356656119904,92.45452603891687,Step 1935  E=-436.5310828840  phi=51.745  theta=27.250
1940,-436.530835715,-436.67815897861254,0.14732326361252035,92.44674366675208,Step 1939  E=-436.5308357150  phi=52.989  theta=25.989
1944,-436.5283670136,-436.67525714868214,0.146890135082117,92.17495141043696,Step 1943  E=-436.5283670136  phi=54.578  theta=25.112
1948,-436.5299985617,-436.67675783986897,0.14675927816898593,92.09283745770055,Step 1947  E=-436.5299985617  phi=56.383  theta=24.624
1952,-436.521210391,-436.668168660661,0.14695826966101322,92.21770650420564,Step 1951  E=-436.5212103910  phi=58.254  theta=24.452
1956,-436.5200702718,-436.6669559262606,0.14688565446056145,92.17213977796116,Step 1955  E=-436.5200702718  phi=59.980  theta=24.497
1960,-436.5240977951,-436.6702250670713,0.146127271971352,91.69624758101867,Step 1959  E=-436.5240977951  phi=61.362  theta=24.647
1964,-436.5353188938,-436.680567527353,0.14524863355296702,91.14489364920628,Step 1963  E=-436.5353188938  phi=62.278  theta=24.752
1968,-436.5355816828,-436.68020238513265,0.14462070233264512,90.75086085939428,Step 1967  E=-436.5355816828  phi=62.689  theta=24.709
1972,-436.5316090778,-436.6755498960889,0.14394081828891103,90.3242271806868,Step 1971  E=-436.5316090778  phi=62.615  theta=24.490
1976,-436.5262089375,-436.66933070433936,0.1431217668393856,89.81026463636448,Step 1975  E=-436.5262089375  phi=62.126  theta=24.092
1980,-436.5301514863,-436.67274482058224,0.14259333428225318,89.4786682003605,Step 1979  E=-436.5301514863  phi=61.329  theta=23.607
1984,-436.5331265763,-436.6755409854322,0.1424144091321864,89.36639097354544,Step 1983  E=-436.5331265763  phi=60.375  theta=23.168
1988,-436.52993271,-436.67238232215357,0.14244961215354124,89.38848120296124,Step 1987  E=-436.5299327100  phi=59.450  theta=22.824
1992,-436.5285939451,-436.6710539422644,0.14245999716439428,89.39499789565977,Step 1991  E=-436.5285939451  phi=58.767  theta=22.521
1996,-436.5232122947,-436.665344770886,0.14213247618602054,89.18947537877584,Step 1995  E=-436.5232122947  phi=58.569  theta=22.167
2000,-436.5245927155,-436.6663731568686,0.1417804413686099,88.96857019565059,Step 1999  E=-436.5245927155  phi=59.043  theta=21.766
2004,-436.5230889449,-436.6647712041462,0.14168225924618127,88.906959983643,Step 2003  E=-436.5230889449  phi=60.202  theta=21.447
2008,-436.527179797,-436.66872436096736,0.14154456396738624,88.82055489166535,Step 2007  E=-436.5271797970  phi=61.916  theta=21.341
2012,-436.5285045928,-436.6695592005769,0.14105460777687995,88.5131027402468,Step 2011  E=-436.5285045928  phi=64.029  theta=21.546
2016,-436.5281380215,-436.6689894909775,0.14085146947746807,88.38563153282078,Step 2015  E=-436.5281380215  phi=66.413  theta=22.131
2020,-436.521208174,-436.66267712246275,0.14146894846277291,88.77310544613444,Step 2019  E=-436.5212081740  phi=68.922  theta=23.123
2024,-436.5234900075,-436.6658975373851,0.14240752988507666,89.36207418080966,Step 2023  E=-436.5234900075  phi=71.393  theta=155.462
2028,-436.5211684181,-436.66412175061964,0.14295333251965303,89.70457050497492,Step 2027  E=-436.5211684181  phi=73.645  theta=153.597
2032,-436.5163622248,-436.65971154601266,0.14334932121266775,89.95305716146352,Step 2031  E=-436.5163622248  phi=75.455  theta=151.405
2036,-436.509312064,-436.6530897436954,0.14377767969534716,90.22185616764015,Step 2035  E=-436.5093120640  phi=76.631  theta=149.152
2040,-436.5160064186,-436.6600560313567,0.14404961275670303,90.39249673995194,Step 2039  E=-436.5160064186  phi=77.103  theta=147.068
2044,-436.5266743641,-436.6705580282626,0.1438836641625585,90.28836242491879,Step 2043  E=-436.5266743641  phi=76.954  theta=145.433
2048,-436.5296827927,-436.6732416165532,0.14355882385319774,90.08452205323732,Step 2047  E=-436.5296827927  phi=76.387  theta=144.547
2052,-436.5224799165,-436.6661382999555,0.1436583834554881,90.14699664690848,Step 2051  E=-436.5224799165  phi=75.647  theta=144.400
2056,-436.5159386762,-436.65994170682274,0.14400303062274133,90.3632660095689,Step 2055  E=-436.5159386762  phi=74.945  theta=144.691
2060,-436.5190249761,-436.6630238574017,0.14399888130168392,90.36066227129444,Step 2059  E=-436.5190249761  phi=74.486  theta=145.221
2064,-436.5213447916,-436.66512112495195,0.1437763333519797,90.22101132442172,Step 2063  E=-436.5213447916  phi=74.489  theta=145.829
2068,-436.5214928074,-436.66544303179046,0.14395022439043714,90.33012959850845,Step 2067  E=-436.5214928074  phi=75.108  theta=146.288
2072,-436.518252271,-436.66262076156386,0.14436849056386336,90.59259558501351,Step 2071  E=-436.5182522710  phi=76.379  theta=146.407
2076,-436.5205080394,-436.66488555059954,0.14437751119953646,90.59825611936046,Step 2075  E=-436.5205080394  phi=78.284  theta=146.086
2080,-436.5256942398,-436.6698321981461,0.1441379583461071,90.44793443429468,Step 2079  E=-436.5256942398  phi=80.790  theta=145.315
2084,-436.5279576556,-436.67247503186536,0.14451737626535532,90.68602277325225,Step 2083  E=-436.5279576556  phi=83.769  theta=144.259
2088,-436.5286186698,-436.67431864075235,0.1456999709523643,91.42811214332708,Step 2087  E=-436.5286186698  phi=86.948  theta=143.198
2092,-436.5285276861,-436.67546851914204,0.14694083304203787,92.20676486060297,Step 2091  E=-436.5285276861  phi=90.004  theta=142.398
2096,-436.5270287683,-436.6745920145292,0.14756324622919692,92.59733503232708,Step 2095  E=-436.5270287683  phi=92.641  theta=142.050
2100,-436.5162214909,-436.664299707707,0.14807821680699362,92.92048394875826,Step 2099  E=-436.5162214909  phi=94.628  theta=142.194
2104,-436.5164794195,-436.66571080194933,0.14923138244932943,93.64410631448804,Step 2103  E=-436.5164794195  phi=95.861  theta=142.798
2108,-436.5153633154,-436.6652239564136,0.14986064101361762,94.03897202521424,Step 2107  E=-436.5153633154  phi=96.397  theta=143.881
2112,-436.5220228798,-436.67118342315297,0.14916054335299123,93.59965411040176,Step 2111  E=-436.5220228798  phi=96.417  theta=145.378
2116,-436.5234828676,-436.6717280957791,0.14824522817906427,93.02528516700887,Step 2115  E=-436.5234828676  phi=96.151  theta=147.022
2120,-436.5310749898,-436.67931039030384,0.148235400503836,93.01911820769512,Step 2119  E=-436.5310749898  phi=95.802  theta=148.541
2124,-436.5299532179,-436.6783167134846,0.14836349558459005,93.09949908444916,Step 2123  E=-436.5299532179  phi=95.499  theta=149.744
2128,-436.5277874086,-436.6758446545756,0.14805724597562175,92.90732455339344,Step 2127  E=-436.5277874086  phi=95.290  theta=150.476
2132,-436.5173457777,-436.6650745575766,0.1477287798766156,92.70120896435853,Step 2131  E=-436.5173457777  phi=95.214  theta=150.696
2136,-436.5105172909,-436.65831066171404,0.14779337081404265,92.74174038953262,Step 2135  E=-436.5105172909  phi=95.369  theta=150.440
2140,-436.5102547129,-436.65830978221305,0.14805506931304535,92.9059586770049,Step 2139  E=-436.5102547129  phi=95.943  theta=149.713
2144,-436.5182570438,-436.66619449219667,0.1479374483966467,92.83215043761676,Step 2143  E=-436.5182570438  phi=97.173  theta=148.563
2148,-436.5258541746,-436.6731156445064,0.1472614699064252,92.4079675307399,Step 2147  E=-436.5258541746  phi=99.189  theta=147.183
2152,-436.525594832,-436.672617637554,0.14702280555400193,92.25820338847318,Step 2151  E=-436.5255948320  phi=101.897  theta=145.849
2156,-436.5241143859,-436.67196352552725,0.14784913962722612,92.7767358481625,Step 2155  E=-436.5241143859  phi=105.020  theta=144.838
2160,-436.5178705434,-436.6664603176057,0.14858977420567498,93.24149106295789,Step 2159  E=-436.5178705434  phi=108.208  theta=144.338
2164,-436.5159563412,-436.6644538885585,0.1484975473584882,93.1836178425852,Step 2163  E=-436.5159563412  phi=111.119  theta=144.320
2168,-436.5113834696,-436.6598019672032,0.14841849760318837,93.13401337221221,Step 2167  E=-436.5113834696  phi=113.462  theta=144.690
2172,-436.5146202344,-436.6635520158718,0.14893178147178787,93.45610386264215,Step 2171  E=-436.5146202344  phi=115.056  theta=145.416
2176,-436.5135354364,-436.66251569981193,0.14898026341194281,93.48652673941034,Step 2175  E=-436.5135354364  phi=115.844  theta=146.365
2180,-436.5161665087,-436.6641402809268,0.14797377222680552,92.8549439851757,Step 2179  E=-436.5161665087  phi=115.901  theta=147.340
2184,-436.5123234129,-436.6590703603617,0.14674694746167916,92.08509982204366,Step 2183  E=-436.5123234129  phi=115.441  theta=148.222
2188,-436.5190511548,-436.6655337357005,0.14648258090045374,91.91920730024923,Step 2187  E=-436.5190511548  phi=114.761  theta=148.894
2192,-436.5175485037,-436.6643023241539,0.14675382045385277,92.08941268974776,Step 2191  E=-436.5175485037  phi=114.121  theta=149.131
2196,-436.5177337977,-436.6642574778313,0.1465236801313381,91.94499745700587,Step 2195  E=-436.5177337977  phi=113.655  theta=148.961
2200,-436.5096791181,-436.6555412545777,0.14586213647771729,91.52987254685249,Step 2199  E=-436.5096791181  phi=113.393  theta=148.664
2204,-436.5101521184,-436.6562162863526,0.14606416795260202,91.6566492114016,Step 2203  E=-436.5101521184  phi=113.339  theta=148.461
2208,-436.5126242096,-436.65963283624893,0.1470086266489261,92.24930599120626,Step 2207  E=-436.5126242096  phi=113.571  theta=148.551
2212,-436.5133648498,-436.6605810307604,0.1472161809604131,92.37954828804699,Step 2211  E=-436.5133648498  phi=114.249  theta=149.120
2216,-436.512184752,-436.65873200298626,0.14654725098625931,91.95978839178069,Step 2215  E=-436.5121847520  phi=115.520  theta=150.125
2220,-436.5129147668,-436.6595083198455,0.14659355304547717,91.98884337260853,Step 2219  E=-436.5129147668  phi=117.434  theta=151.366
2224,-436.5192243503,-436.6669483813799,0.14772403107986065,92.6982290494044,Step 2223  E=-436.5192243503  phi=119.924  theta=152.658
2228,-436.5197859614,-436.6679723086943,0.14818634729431324,92.98833685398638,Step 2227  E=-436.5197859614  phi=122.790  theta=153.755
2232,-436.5184411536,-436.66575389987963,0.1473127462796242,92.44014394071787,Step 2231  E=-436.5184411536  phi=125.715  theta=154.469
2236,-436.5104235414,-436.6569723527919,0.14654881139193776,91.9607675611273,Step 2235  E=-436.5104235414  phi=128.353  theta=154.840
2240,-436.5172331666,-436.6641567768955,0.14692361029545964,92.19595742395575,Step 2239  E=-436.5172331666  phi=130.428  theta=154.917
2244,-436.522473177,-436.6696196089444,0.14714643194440669,92.33578011969638,Step 2243  E=-436.5224731770  phi=131.776  theta=154.591
2248,-436.5289172813,-436.6752381862265,0.14632090492654015,91.81775409489008,Step 2247  E=-436.5289172813  phi=132.366  theta=153.957
2252,-436.523402035,-436.66908242369766,0.14568038869765587,91.41582409297402,Step 2251  E=-436.5234020350  phi=132.288  theta=153.349
2256,-436.5228390812,-436.66949651118904,0.14665742998903397,92.02892675986462,Step 2255  E=-436.5228390812  phi=131.682  theta=152.983
2260,-436.5191872547,-436.6673204101467,0.14813315544671468,92.95495846567538,Step 2259  E=-436.5191872547  phi=130.690  theta=152.896
2264,-436.5217046895,-436.67023095873725,0.14852626923726575,93.20164109363103,Step 2263  E=-436.5217046895  phi=129.470  theta=153.075
2268,-436.52258686,-436.6713300318988,0.14874317189878639,93.33774956868473,Step 2267  E=-436.5225868600  phi=128.214  theta=153.405
2272,-436.5277809674,-436.6780861572169,0.15030518981689056,94.31793061095141,Step 2271  E=-436.5277809674  phi=127.133  theta=153.703
2276,-436.5219351382,-436.6739559028347,0.15202076463469893,95.39447006259024,Step 2275  E=-436.5219351382  phi=126.432  theta=153.776
2280,-436.5144587092,-436.6668166271259,0.15235791792588316,95.6060369470199,Step 2279  E=-436.5144587092  phi=126.273  theta=26.573
2284,-436.5087370117,-436.6607128451561,0.1519758334561061,95.36627532234242,Step 2283  E=-436.5087370117  phi=126.735  theta=27.518
2288,-436.5117833098,-436.6640901983042,0.15230688850419938,95.57401550145737,Step 2287  E=-436.5117833098  phi=127.791  theta=150.888
2292,-436.5142275168,-436.66683126033365,0.15260374353363204,95.76029484484964,Step 2291  E=-436.5142275168  phi=129.327  theta=148.710
2296,-436.5165711065,-436.6680209542865,0.1514498477864663,95.03621433142203,Step 2295  E=-436.5165711065  phi=131.183  theta=146.082
2300,-436.5201110918,-436.6701859995132,0.15007490771319,94.17342640917212,Step 2299  E=-436.5201110918  phi=133.186  theta=143.283
2304,-436.5276701467,-436.6780080757573,0.1503379290572866,94.33847479447356,Step 2303  E=-436.5276701467  phi=135.149  theta=140.631
2308,-436.5271513896,-436.67826990095716,0.15111851135714005,94.82829758291756,Step 2307  E=-436.5271513896  phi=136.845  theta=138.374
2312,-436.5147123364,-436.6657782382135,0.15106590181346746,94.79528459583688,Step 2311  E=-436.5147123364  phi=138.048  theta=136.732
2316,-436.5084760302,-436.6596663785935,0.15119034839352707,94.87337600383903,Step 2315  E=-436.5084760302  phi=138.619  theta=135.799
2320,-436.5092233336,-436.66145264304333,0.15222930944332802,95.52533390577167,Step 2319  E=-436.5092233336  phi=138.530  theta=135.462
2324,-436.5167113257,-436.670092624755,0.1533812990550132,96.24821830112639,Step 2323  E=-436.5167113257  phi=137.821  theta=135.513
2328,-436.5149111763,-436.66889985454935,0.15398867824933404,96.62935449991153,Step 2327  E=-436.5149111763  phi=136.599  theta=135.738
2332,-436.5216454579,-436.67620905688506,0.154563598985078,96.99012270842618,Step 2331  E=-436.5216454579  phi=135.065  theta=44.101
2336,-436.5215403566,-436.67730975461484,0.15576939801485423,97.74677302342687,Step 2335  E=-436.5215403566  phi=133.459  theta=44.175
2340,-436.5185110648,-436.6758650599588,0.15735399515881454,98.7411227438353,Step 2339  E=-436.5185110648  phi=132.008  theta=44.546
2344,-436.5047838645,-436.6628485645416,0.15806470004162065,99.18709679105903,Step 2343  E=-436.5047838645  phi=130.919  theta=45.298
2348,-436.5040827327,-436.6623169562965,0.1582342235964802,99.29347442781027,Step 2347  E=-436.5040827327  phi=130.354  theta=46.440
2352,-436.5040830393,-436.6627933005571,0.15871026125711296,99.59219256986815,Step 2351  E=-436.5040830393  phi=130.378  theta=47.803
2356,-436.5091238381,-436.66778225507704,0.15865841697706173,99.55965979296003,Step 2355  E=-436.5091238381  phi=130.951  theta=49.163
2360,-436.5028414502,-436.6609793141562,0.158137863956199,99.2330078406165,Step 2359  E=-436.5028414502  phi=131.962  theta=50.350
2364,-436.5118867314,-436.67044309615693,0.1585563647569188,99.49562105797116,Step 2363  E=-436.5118867314  phi=133.293  theta=51.214
2368,-436.5144168786,-436.6736069825784,0.15919010397840339,99.89329842353811,Step 2367  E=-436.5144168786  phi=134.854  theta=51.713
2372,-436.5205836888,-436.68014477555107,0.15956108675106861,100.12609362809974,Step 2371  E=-436.5205836888  phi=136.575  theta=51.959
2376,-436.5086559393,-436.6692451402549,0.16058920095485973,100.77124503139751,Step 2375  E=-436.5086559393  phi=138.356  theta=52.104
2380,-436.5055328812,-436.6670385357341,0.16150565453409627,101.34632833490747,Step 2379  E=-436.5055328812  phi=140.032  theta=52.310
2384,-436.5039382792,-436.66518082593336,0.16124254673337646,101.18122569725588,Step 2383  E=-436.5039382792  phi=141.398  theta=52.740
2388,-436.5089902006,-436.669860789313,0.16087058871300997,100.94781851552216,Step 2387  E=-436.5089902006  phi=142.282  theta=53.469
2392,-436.5064659057,-436.66754740316986,0.16108149746986555,101.08016575861191,Step 2391  E=-436.5064659057  phi=142.599  theta=54.479
2396,-436.5064139854,-436.66789657731584,0.16148259191584202,101.33185632345624,Step 2395  E=-436.5064139854  phi=142.359  theta=55.672
2400,-436.5032598639,-436.6648434729128,0.16158360901283686,101.39524550886284,Step 2399  E=-436.5032598639  phi=141.627  theta=56.917
2404,-436.5011573482,-436.6633509263373,0.16219357813724855,101.77800691331716,Step 2403  E=-436.5011573482  phi=140.539  theta=58.100
2408,-436.5004029149,-436.6645407114138,0.1641377965137849,102.9980223642413,Step 2407  E=-436.5004029149  phi=139.324  theta=59.086
2412,-436.4986105562,-436.6641960873148,0.16558553111480023,103.90648954230738,Step 2411  E=-436.4986105562  phi=138.250  theta=59.797
2416,-436.5003981704,-436.66572497897675,0.16532680857676496,103.74413869853659,Step 2415  E=-436.5003981704  phi=137.556  theta=60.260
2420,-436.4974378115,-436.66278621938454,0.16534840788455085,103.75769246880544,Step 2419  E=-436.4974378115  phi=137.399  theta=60.534
2424,-436.4992046571,-436.66541460748635,0.1662099503863601,104.29831855099877,Step 2423  E=-436.4992046571  phi=137.813  theta=60.720
2428,-436.4940327918,-436.66057711067765,0.16654431887764076,104.50813794710558,Step 2427  E=-436.4940327918  phi=138.670  theta=60.923
2432,-436.493733515,-436.6601137602608,0.16638024526082518,104.40518019810999,Step 2431  E=-436.4937335150  phi=139.680  theta=61.191
2436,-436.4943600358,-436.66076486745925,0.1664048316592357,104.4206083960457,Step 2435  E=-436.4943600358  phi=140.519  theta=61.614
2440,-436.5029649443,-436.6696543150174,0.16668937071739265,104.59915935078017,Step 2439  E=-436.5029649443  phi=141.024  theta=62.245
2444,-436.5018405333,-436.66776887369804,0.1659283403980112,104.12160561531903,Step 2443  E=-436.5018405333  phi=141.259  theta=62.998
2448,-436.5005372189,-436.66457527471675,0.16403805581677489,102.93543413191786,Step 2447  E=-436.5005372189  phi=141.443  theta=63.767
2452,-436.5014964518,-436.6646602616654,0.16316380986540935,102.38683651477467,Step 2451  E=-436.5014964518  phi=141.827  theta=64.487
2456,-436.4989633282,-436.6627670477764,0.16380371957643547,102.78838592098855,Step 2455  E=-436.4989633282  phi=142.529  theta=65.074
2460,-436.4967327486,-436.6610368665774,0.16430411797739453,103.10239065839637,Step 2459  E=-436.4967327486  phi=143.393  theta=65.484
2464,-436.4927176513,-436.6572017421668,0.16448409086683569,103.21532535159521,Step 2463  E=-436.4927176513  phi=144.048  theta=65.693
2468,-436.4977249042,-436.66307773469305,0.16535283049302052,103.76046769752023,Step 2467  E=-436.4977249042  phi=144.162  theta=65.677
2472,-436.4957767123,-436.6623252642084,0.16654855190836315,104.51079421398788,Step 2471  E=-436.4957767123  phi=143.637  theta=65.487
2476,-436.5007017287,-436.6681447206852,0.1674429919851832,105.07206383617418,Step 2475  E=-436.5007017287  phi=142.584  theta=65.206
2480,-436.4969975086,-436.6643312212701,0.16733371267014263,105.0034900306671,Step 2479  E=-436.4969975086  phi=141.217  theta=64.924
2484,-436.508381301,-436.6748776510795,0.16649635007951247,104.47803707182065,Step 2483  E=-436.5083813010  phi=139.812  theta=64.719
2488,-436.5051070365,-436.67104330350884,0.16593626700881714,104.12657963869698,Step 2487  E=-436.5051070365  phi=138.703  theta=64.588
2492,-436.5070505976,-436.6724554273972,0.16540482979718263,103.79309775352665,Step 2491  E=-436.5070505976  phi=138.158  theta=64.496
2496,-436.4956314829,-436.66008471471457,0.16445323181454796,103.19596100392405,Step 2495  E=-436.4956314829  phi=138.180  theta=64.448
2500,-436.492437822,-436.65626182033816,0.16382399833815953,102.80111103609265,Step 2499  E=-436.4924378220  phi=138.448  theta=64.434
2504,-436.4932416173,-436.65667185029884,0.16343023299884862,102.55401955511739,Step 2503  E=-436.4932416173  phi=138.588  theta=64.434
2508,-436.4971017917,-436.6602460651599,0.16314427345992044,102.37457723524125,Step 2507  E=-436.4971017917  phi=138.502  theta=64.429
2512,-436.4990072705,-436.6624094808216,0.16340221032163527,102.5364350596774,Step 2511  E=-436.4990072705  phi=138.364  theta=64.364
2516,-436.4972281646,-436.6612487162477,0.16402055164769536,102.92445009998485,Step 2515  E=-436.4972281646  phi=138.399  theta=64.171
2520,-436.5041544417,-436.6687970017539,0.16464256005389188,103.31476626782006,Step 2519  E=-436.5041544417  phi=138.730  theta=63.832
2524,-436.4994570747,-436.66509373357195,0.16563665887196066,103.93857269431314,Step 2523  E=-436.4994570747  phi=139.338  theta=63.400
2528,-436.4974138911,-436.6639588499358,0.16654495883580012,104.50853952691357,Step 2527  E=-436.4974138911  phi=140.044  theta=62.942
2532,-436.4887414141,-436.6554107358699,0.16666932176991622,104.58657844629371,Step 2531  E=-436.4887414141  phi=140.576  theta=62.520
2536,-436.4953557657,-436.6619897477427,0.16663398204269697,104.56440243265283,Step 2535  E=-436.4953557657  phi=140.728  theta=62.183
2540,-436.4894894577,-436.65570734821233,0.16621789051231417,104.3033010552602,Step 2539  E=-436.4894894577  phi=140.479  theta=61.885
2544,-436.4979211158,-436.6631928167425,0.16527170094246912,103.70955813592275,Step 2543  E=-436.4979211158  phi=139.961  theta=61.545
2548,-436.4955446185,-436.65970964318456,0.1641650246845643,103.01510829936677,Step 2547  E=-436.4955446185  phi=139.381  theta=61.140
2552,-436.5064583031,-436.6697505901738,0.1632922870738298,102.46745718025969,Step 2551  E=-436.5064583031  phi=138.930  theta=60.692
2556,-436.4992466264,-436.66231086860773,0.16306424220772442,102.32435686626711,Step 2555  E=-436.4992466264  phi=138.682  theta=60.230
2560,-436.5026840141,-436.6664391525053,0.16375513840529266,102.75790077583534,Step 2559  E=-436.5026840141  phi=138.524  theta=59.793
2564,-436.4956620587,-436.65981979597467,0.16415773727464966,103.01053538060395,Step 2563  E=-436.4956620587  phi=138.238  theta=59.403
2568,-436.4982715014,-436.6623566345477,0.1640851331476938,102.96497560308308,Step 2567  E=-436.4982715014  phi=137.736  theta=59.066
2572,-436.4924094491,-436.65685794185185,0.1644484927518306,103.19298719717074,Step 2571  E=-436.4924094491  phi=137.187  theta=58.819
2576,-436.4949243881,-436.66061189289655,0.16568750479655137,103.97047899371131,Step 2575  E=-436.4949243881  phi=136.880  theta=58.685
2580,-436.4927138389,-436.6592809843294,0.16656714542943973,104.52246182461963,Step 2579  E=-436.4927138389  phi=137.042  theta=58.619
2584,-436.4920856843,-436.6581981096606,0.166112425360609,104.23712067338171,Step 2583  E=-436.4920856843  phi=137.748  theta=58.570
2588,-436.4967678006,-436.66255542082644,0.16578762022641058,104.03330237444787,Step 2587  E=-436.4967678006  phi=138.883  theta=58.484
2592,-436.5028134406,-436.6691974590656,0.16638401846557827,104.40754791984014,Step 2591  E=-436.5028134406  phi=140.149  theta=58.297
2596,-436.5060642366,-436.6718288536308,0.16576461703078849,104.01886765126127,Step 2595  E=-436.5060642366  phi=141.151  theta=57.952
2600,-436.5041898549,-436.6675171994465,0.1633273445464738,102.4894560764805,Step 2599  E=-436.5041898549  phi=141.590  theta=57.435
2604,-436.5056928367,-436.66725982620466,0.16156698950464943,101.38481661002096,Step 2603  E=-436.5056928367  phi=141.426  theta=56.794
2608,-436.5025288464,-436.6639390078512,0.16141016145115827,101.28640552065639,Step 2607  E=-436.5025288464  phi=140.911  theta=56.104
2612,-436.4995086966,-436.66045495815433,0.16094626155432934,100.99530394037934,Step 2611  E=-436.4995086966  phi=140.434  theta=55.431
2616,-436.4926133238,-436.6522279861755,0.15961466237547484,100.15971283999349,Step 2615  E=-436.4926133238  phi=140.296  theta=54.800
2620,-436.5027913061,-436.6624719457354,0.1596806396353827,100.2011141956584,Step 2619  E=-436.5027913061  phi=140.518  theta=54.182
2624,-436.5098776578,-436.6711663683772,0.16128871057719607,101.21019394661187,Step 2623  E=-436.5098776578  phi=140.816  theta=53.566
2628,-436.5159651971,-436.6781595527713,0.16219435567131768,101.77849482331195,Step 2627  E=-436.5159651971  phi=140.774  theta=52.972
2632,-436.5066828803,-436.6685020467218,0.1618191664218216,101.54306001468652,Step 2631  E=-436.5066828803  phi=140.132  theta=52.390
2636,-436.5052542861,-436.6672473825692,0.1619930964691889,101.65220276723376,Step 2635  E=-436.5052542861  phi=138.945  theta=51.822
2640,-436.4951124655,-436.65782522922296,0.16271276372299326,102.10380078716896,Step 2639  E=-436.4951124655  phi=137.508  theta=51.277
2644,-436.4961203085,-436.65839369550673,0.162273387006735,101.82808773503416,Step 2643  E=-436.4961203085  phi=136.147  theta=50.730
2648,-436.4889593817,-436.64971140763555,0.16075202593555105,100.87341924939545,Step 2647  E=-436.4889593817  phi=135.082  theta=50.174
2652,-436.5023414245,-436.6625188489879,0.16017742448786976,100.51285139716506,Step 2651  E=-436.5023414245  phi=134.385  theta=49.625
2656,-436.5049558951,-436.66489795740245,0.15994206230243435,100.36515939596815,Step 2655  E=-436.5049558951  phi=134.018  theta=49.051
2660,-436.5130430043,-436.67154988876837,0.15850688446835193,99.46457170811607,Step 2659  E=-436.5130430043  phi=133.855  theta=48.376
2664,-436.5061386741,-436.6627372310224,0.156598556922404,98.26707809341815,Step 2663  E=-436.5061386741  phi=133.724  theta=47.493
2668,-436.5100795059,-436.6660802897196,0.15600078381959293,97.89196980806412,Step 2667  E=-436.5100795059  phi=133.508  theta=46.366
2672,-436.5077371438,-436.66380649416703,0.15606935036703362,97.93499596618695,Step 2671  E=-436.5077371438  phi=133.223  theta=45.129
2676,-436.5139724588,-436.6692592264605,0.15528676766047056,97.44391790358068,Step 2675  E=-436.5139724588  phi=132.988  theta=43.970
2680,-436.5135625113,-436.6678881759689,0.1543256646689315,96.84081667083954,Step 2679  E=-436.5135625113  phi=132.898  theta=43.015
2684,-436.5184366218,-436.67315062365606,0.154714001856064,97.0845019348962,Step 2683  E=-436.5184366218  phi=132.918  theta=42.332
2688,-436.515542023,-436.6708382017744,0.1552961787743925,97.44982346672819,Step 2687  E=-436.5155420230  phi=132.883  theta=41.869
2692,-436.5154399326,-436.6704293700327,0.1549894374327323,97.2573403687496,Step 2691  E=-436.5154399326  phi=132.586  theta=41.449
2696,-436.5156511194,-436.670300142101,0.154649022700994,97.04372689947317,Step 2695  E=-436.5156511194  phi=131.865  theta=40.908
2700,-436.5173873932,-436.6720491087069,0.15466171550690433,97.05169175543433,Step 2699  E=-436.5173873932  phi=130.646  theta=40.161
2704,-436.5155860014,-436.6696049116498,0.1540189102498175,96.6483253666348,Step 2703  E=-436.5155860014  phi=128.949  theta=39.184
2708,-436.5139535749,-436.66666687968075,0.15271330478077516,95.82904556542212,Step 2707  E=-436.5139535749  phi=126.877  theta=38.066
2712,-436.5172313176,-436.66922002369677,0.15198870609674486,95.37435302629945,Step 2711  E=-436.5172313176  phi=124.564  theta=36.927
2716,-436.519481625,-436.67167058463934,0.152188959639318,95.50001402147879,Step 2715  E=-436.5194816250  phi=122.161  theta=35.825
2720,-436.5217642882,-436.67358998325875,0.1518256950587329,95.27206205557007,Step 2719  E=-436.5217642882  phi=119.836  theta=34.832
2724,-436.5217232707,-436.6720176564505,0.1502943857504988,94.31115095693218,Step 2723  E=-436.5217232707  phi=117.756  theta=34.011
2728,-436.5255475647,-436.67503590564115,0.14948834094116137,93.80535020255356,Step 2727  E=-436.5255475647  phi=116.053  theta=33.312
2732,-436.5238552216,-436.6737392567639,0.14988403516389326,94.05365207614985,Step 2731  E=-436.5238552216  phi=114.806  theta=32.608
2736,-436.518998759,-436.66829688741603,0.14929812841603507,93.68599004095134,Step 2735  E=-436.5189987590  phi=114.048  theta=31.826
2740,-436.5156180354,-436.66318912206765,0.14757108666765362,92.60225498173948,Step 2739  E=-436.5156180354  phi=113.775  theta=30.942
2744,-436.5265429974,-436.6734269670598,0.1468839696598252,92.17108254953725,Step 2743  E=-436.5265429974  phi=113.944  theta=29.996
2748,-436.5335632992,-436.68073604313565,0.1471727439356414,92.35229114347763,Step 2747  E=-436.5335632992  phi=114.445  theta=29.020
2752,-436.535844574,-436.68246592654566,0.146621352545651,92.00628782234183,Step 2751  E=-436.5358445740  phi=115.097  theta=28.032
2756,-436.5337589464,-436.6788934822634,0.14513453586340574,91.07329626803786,Step 2755  E=-436.5337589464  phi=115.669  theta=27.073
2760,-436.5289258181,-436.6734292294176,0.1445034113176007,90.67725963623143,Step 2759  E=-436.5289258181  phi=115.933  theta=26.231
2764,-436.5265216549,-436.67167357170854,0.14515191680851558,91.08420297576245,Step 2763  E=-436.5265216549  phi=115.727  theta=154.350
2768,-436.517149118,-436.6623239086785,0.1451747906784817,91.0985565458747,Step 2767  E=-436.5171491180  phi=114.983  theta=154.504
2772,-436.5185387325,-436.6624882374636,0.1439495049635866,90.32967815134384,Step 2771  E=-436.5185387325  phi=113.708  theta=154.249
2776,-436.5223996024,-436.66567120273794,0.14327160033792552,89.9042865762303,Step 2775  E=-436.5223996024  phi=111.960  theta=153.809
2780,-436.5401319853,-436.68419505788745,0.1440630725874712,90.40094291127825,Step 2779  E=-436.5401319853  phi=109.834  theta=153.380
2784,-436.5363755182,-436.6808882047083,0.14451268650833526,90.68307990629111,Step 2783  E=-436.5363755182  phi=107.490  theta=153.186
2788,-436.5366221963,-436.68052989682013,0.14390770052011703,90.30344546700874,Step 2787  E=-436.5366221963  phi=105.145  theta=153.454
2792,-436.5196997256,-436.66321033069835,0.14351060509835634,90.05426432774682,Step 2791  E=-436.5196997256  phi=103.019  theta=154.147
2796,-436.5259435175,-436.6703288631943,0.14438534569427475,90.60317233903322,Step 2795  E=-436.5259435175  phi=101.288  theta=155.094
2800,-436.5187279944,-436.6636291905839,0.14490119618386643,90.9268734084521,Step 2799  E=-436.5187279944  phi=100.061  theta=156.370
2804,-436.5254570633,-436.66942049155756,0.14396342825756392,90.33841515022476,Step 2803  E=-436.5254570633  phi=99.357  theta=157.934
2808,-436.5231202063,-436.66577921048105,0.14265900418104138,89.51987668401087,Step 2807  E=-436.5231202063  phi=99.131  theta=159.471
2812,-436.5361556541,-436.67879274978696,0.1426370956869505,89.50612889640637,Step 2811  E=-436.5361556541  phi=99.329  theta=160.582
2816,-436.5302813618,-436.67344268990496,0.1431613281049522,89.83508970531345,Step 2815  E=-436.5302813618  phi=99.897  theta=160.873
2820,-436.5324262968,-436.6753219714691,0.14289567466909148,89.66838965749344,Step 2819  E=-436.5324262968  phi=100.731  theta=159.868
2824,-436.5280866772,-436.6701137384162,0.14202706121619713,89.12332648650357,Step 2823  E=-436.5280866772  phi=101.647  theta=157.539
2828,-436.528404398,-436.6708481885207,0.14244379052070144,89.38482807319976,Step 2827  E=-436.5284043980  phi=102.411  theta=154.436
2832,-436.5253591805,-436.6693512307417,0.1439920502417067,90.35637571644084,Step 2831  E=-436.5253591805  phi=102.800  theta=150.960
2836,-436.5208774795,-436.665721005574,0.14484352607405526,90.89068486817533,Step 2835  E=-436.5208774795  phi=102.646  theta=147.411
2840,-436.5259491526,-436.67083895583386,0.14488980323386613,90.91972422438938,Step 2839  E=-436.5259491526  phi=101.867  theta=144.258
2844,-436.5236769164,-436.6690184187837,0.14534150238370103,91.20316972033703,Step 2843  E=-436.5236769164  phi=100.475  theta=141.826
2848,-436.5298658816,-436.6762282814919,0.1463623998918706,91.84379257876085,Step 2847  E=-436.5298658816  phi=98.590  theta=140.294
2852,-436.5227955024,-436.6694466487611,0.14665114636108,92.02498372379202,Step 2851  E=-436.5227955024  phi=96.417  theta=139.955
2856,-436.5278609618,-436.67399912962946,0.14613816782946287,91.70308483521129,Step 2855  E=-436.5278609618  phi=94.187  theta=140.806
2860,-436.5250924148,-436.67092708751386,0.14583467271387462,91.51263877484779,Step 2859  E=-436.5250924148  phi=92.120  theta=142.345
2864,-436.5292337987,-436.6756973201277,0.14646352142773367,91.90724730054673,Step 2863  E=-436.5292337987  phi=90.390  theta=144.124
2868,-436.5206934603,-436.6677744910289,0.1470810307289412,92.29474023737653,Step 2867  E=-436.5206934603  phi=89.072  theta=145.931
2872,-436.522216342,-436.6691425951572,0.14692625315723262,92.19761584475692,Step 2871  E=-436.5222163420  phi=88.151  theta=147.486
2876,-436.5254814589,-436.6722864449948,0.1468049860948213,92.12151961420201,Step 2875  E=-436.5254814589  phi=87.630  theta=148.604
2880,-436.5268878735,-436.67493177900593,0.14804390550591506,92.89895328226403,Step 2879  E=-436.5268878735  phi=87.603  theta=149.207
2884,-436.5225617614,-436.6724015914845,0.1498398300844883,94.02591297002154,Step 2883  E=-436.5225617614  phi=88.170  theta=149.054
2888,-436.5197028387,-436.67051583349735,0.15081299479732024,94.63658304714747,Step 2887  E=-436.5197028387  phi=89.276  theta=148.068
2892,-436.5225241342,-436.6741094473658,0.15158531316581048,95.12122014036804,Step 2891  E=-436.5225241342  phi=90.643  theta=146.588
2896,-436.5169529249,-436.66988833028506,0.15293540538505113,95.96841579880042,Step 2895  E=-436.5169529249  phi=91.816  theta=144.989
2900,-436.5154105465,-436.6696103434444,0.1541997969443969,96.7618334812153,Step 2899  E=-436.5154105465  phi=92.302  theta=143.407
2904,-436.5119220723,-436.6662224358966,0.15430036359657606,96.82494000823255,Step 2903  E=-436.5119220723  phi=91.726  theta=141.954
2908,-436.5202765527,-436.67361492385515,0.1533383711551437,96.22128063725665,Step 2907  E=-436.5202765527  phi=89.965  theta=140.726
2912,-436.5275668934,-436.6797228551402,0.1521559617402204,95.47930752717086,Step 2911  E=-436.5275668934  phi=87.245  theta=139.749
2916,-436.5253831845,-436.6769173015459,0.15153411704591235,95.0890940900967,Step 2915  E=-436.5253831845  phi=84.111  theta=139.051
2920,-436.5156824816,-436.66674664300353,0.1510641614035535,94.79419247212711,Step 2919  E=-436.5156824816  phi=81.180  theta=138.674
2924,-436.5121426005,-436.6623812803864,0.1502386798863995,94.27619499944899,Step 2923  E=-436.5121426005  phi=78.814  theta=138.573
2928,-436.5190933493,-436.66925744999065,0.15016410069063113,94.22939584753634,Step 2927  E=-436.5190933493  phi=77.001  theta=138.622
2932,-436.5164508118,-436.668007147873,0.15155633607304253,95.10303674012535,Step 2931  E=-436.5164508118  phi=75.512  theta=138.709
2936,-436.5187904876,-436.6720633482296,0.1532728606296132,96.18017216183542,Step 2935  E=-436.5187904876  phi=74.110  theta=138.748
2940,-436.5188766529,-436.67313368873664,0.15425703583662198,96.79775142837143,Step 2939  E=-436.5188766529  phi=72.750  theta=138.709
2944,-436.5270879815,-436.6824156322758,0.1553276507758028,97.46957244578088,Step 2943  E=-436.5270879815  phi=71.631  theta=138.602
2948,-436.5158207036,-436.67273601135474,0.15691530775472984,98.46584224162,Step 2947  E=-436.5158207036  phi=71.031  theta=138.416
2952,-436.5139398768,-436.67222461550193,0.15828473870192283,99.3251731350588,Step 2951  E=-436.5139398768  phi=71.083  theta=138.146
2956,-436.5075240582,-436.66620708786627,0.15868302966629244,99.57510448863447,Step 2955  E=-436.5075240582  phi=71.691  theta=137.823
2960,-436.5176350038,-436.6763549896156,0.1587199858155941,99.59829482244615,Step 2959  E=-436.5176350038  phi=72.575  theta=137.496
2964,-436.5161699994,-436.67481194187167,0.15864194247166097,99.54932188474055,Step 2963  E=-436.5161699994  phi=73.379  theta=137.224
2968,-436.5186440429,-436.6769019485036,0.1582579056035911,99.30833511163718,Step 2967  E=-436.5186440429  phi=73.744  theta=137.065
2972,-436.5094695279,-436.66664857855176,0.15717905065173454,98.6313434082073,Step 2971  E=-436.5094695279  phi=73.349  theta=137.049
2976,-436.5102605396,-436.66594970089875,0.15568916129876698,97.6964237239144,Step 2975  E=-436.5102605396  phi=72.013  theta=137.175
2980,-436.5112030151,-436.66576585155997,0.15456283645994517,96.98964421668114,Step 2979  E=-436.5112030151  phi=69.830  theta=137.443
2984,-436.5177216944,-436.6719671041615,0.15424540976152912,96.7904559561045,Step 2983  E=-436.5177216944  phi=67.169  theta=137.836
2988,-436.5210520482,-436.6750514649175,0.15399941671751094,96.63609299042946,Step 2987  E=-436.5210520482  phi=64.466  theta=138.306
2992,-436.5206671005,-436.67431278007683,0.15364567957681174,96.41411958331273,Step 2991  E=-436.5206671005  phi=61.973  theta=138.811
2996,-436.5179563429,-436.6720155368574,0.1540591939573801,96.6736037747807,Step 2995  E=-436.5179563429  phi=59.734  theta=139.330
3000,-436.5131864165,-436.6683604953481,0.15517407884811973,97.37320460620963,Step 2999  E=-436.5131864165  phi=57.773  theta=139.846
3004,-436.5118862368,-436.66795874657157,0.15607250977154763,97.9369785224519,Step 3003  E=-436.5118862368  phi=56.203  theta=140.304
3008,-436.5098591263,-436.6661539210863,0.15629479478627673,98.07646447513666,Step 3007  E=-436.5098591263  phi=55.147  theta=140.643
3012,-436.5124811224,-436.6686757170734,0.15619459467342267,98.01358795501854,Step 3011  E=-436.5124811224  phi=54.647  theta=140.837
3016,-436.5123065797,-436.66840325868003,0.15609667898002044,97.95214492974918,Step 3015  E=-436.5123065797  phi=54.649  theta=140.893
3020,-436.5210027065,-436.6767609241947,0.15575821769471077,97.7397572666138,Step 3019  E=-436.5210027065  phi=55.003  theta=140.866
3024,-436.5234382015,-436.67819163032954,0.15475342882950827,97.10924273426612,Step 3023  E=-436.5234382015  phi=55.463  theta=140.860
3028,-436.523286849,-436.67705956092743,0.15377271192744502,96.49383358684761,Step 3027  E=-436.5232868490  phi=55.735  theta=38.987
3032,-436.5107021183,-436.6642429289871,0.15354081068710457,96.34831336148699,Step 3031  E=-436.5107021183  phi=55.565  theta=38.541
3036,-436.5116937488,-436.6653932316847,0.15369948288469004,96.44788166874228,Step 3035  E=-436.5116937488  phi=54.838  theta=37.783
3040,-436.5119180337,-436.66539086099465,0.1534728272946495,96.3056531386425,Step 3039  E=-436.5119180337  phi=53.609  theta=36.798
3044,-436.5168869531,-436.6701549728777,0.1532680197776699,96.17713448137846,Step 3043  E=-436.5168869531  phi=52.065  theta=35.710
3048,-436.51268299,-436.66623673737826,0.15355374737828242,96.35643125776413,Step 3047  E=-436.5126829900  phi=50.406  theta=34.656
3052,-436.5196563205,-436.67376713525005,0.15411081475002675,96.70599631122512,Step 3051  E=-436.5196563205  phi=48.754  theta=33.756
3056,-436.5201514396,-436.67409376673476,0.1539423271347573,96.60026873638125,Step 3055  E=-436.5201514396  phi=47.115  theta=33.027
3060,-436.5191731171,-436.67214437467425,0.15297125757422236,95.99091338717128,Step 3059  E=-436.5191731171  phi=45.430  theta=32.474
3064,-436.5109901736,-436.66322950878293,0.15223933518291233,95.53162515234531,Step 3063  E=-436.5109901736  phi=43.698  theta=32.131
3068,-436.5129336043,-436.66523846568293,0.15230486138295873,95.57274346367379,Step 3067  E=-436.5129336043  phi=42.070  theta=31.971
3072,-436.5128114632,-436.66480845558664,0.15199699238661424,95.37955275169732,Step 3071  E=-436.5128114632  phi=40.801  theta=31.958
3076,-436.5124167799,-436.6633307940475,0.15091401414753136,94.69997364646864,Step 3075  E=-436.5124167799  phi=40.115  theta=32.072
3080,-436.5106176054,-436.66139928490804,0.150781679508043,94.61693240644297,Step 3079  E=-436.5106176054  phi=40.099  theta=32.250
3084,-436.5145329347,-436.66647290702343,0.15193997232341871,95.34377212183045,Step 3083  E=-436.5145329347  phi=40.675  theta=32.415
3088,-436.5194507211,-436.67195402664555,0.15250330554556513,95.69726905578182,Step 3087  E=-436.5194507211  phi=41.604  theta=32.489
3092,-436.5186125641,-436.6707452688835,0.15213270478346885,95.4647135664714,Step 3091  E=-436.5186125641  phi=42.507  theta=32.462
3096,-436.5141574371,-436.6665137888009,0.15235635170091655,95.60505412601483,Step 3095  E=-436.5141574371  phi=43.018  theta=32.432
3100,-436.5154570251,-436.66873129440097,0.15327426930099364,96.18105611647248,Step 3099  E=-436.5154570251  phi=43.012  theta=32.585
3104,-436.5191796473,-436.67283358527555,0.15365393797554816,96.41930180676042,Step 3103  E=-436.5191796473  phi=42.632  theta=33.174
3108,-436.5189183305,-436.67244092002005,0.15352258952003695,96.33687940652358,Step 3107  E=-436.5189183305  phi=42.078  theta=34.347
3112,-436.5161854403,-436.6705547591047,0.1543693188046973,96.86821005461461,Step 3111  E=-436.5161854403  phi=41.447  theta=36.058
3116,-436.5128900802,-436.66930610440465,0.1564160242046455,98.15253708369822,Step 3115  E=-436.5128900802  phi=40.752  theta=38.165
3120,-436.509469162,-436.6668306754644,0.157361513464366,98.74584055179774,Step 3119  E=-436.5094691620  phi=40.012  theta=40.306
3124,-436.5051543361,-436.6616752249597,0.1565208888596885,98.21834064823207,Step 3123  E=-436.5051543361  phi=39.283  theta=42.091
3128,-436.5042252853,-436.6605686755131,0.1563433902131237,98.10695856587928,Step 3127  E=-436.5042252853  phi=38.641  theta=43.447
3132,-436.5099924285,-436.6668927018001,0.1569002733000957,98.4564079788997,Step 3131  E=-436.5099924285  phi=38.171  theta=44.358
3136,-436.5142457192,-436.6701202363736,0.15587451717357226,97.81273629142798,Step 3135  E=-436.5142457192  phi=37.959  theta=44.591
3140,-436.5160655987,-436.67027739366335,0.15421179496337345,96.76936235179309,Step 3139  E=-436.5160655987  phi=38.040  theta=44.085
3144,-436.516645918,-436.6710556788934,0.1544097608934294,96.89358784844491,Step 3143  E=-436.5166459180  phi=38.343  theta=43.164
3148,-436.5165118563,-436.6727594993841,0.15624764308410022,98.0468763353027,Step 3147  E=-436.5165118563  phi=38.727  theta=42.315
3152,-436.5117867619,-436.6693284583614,0.1575416964614078,98.85890708950656,Step 3151  E=-436.5117867619  phi=39.066  theta=42.028
3156,-436.5059764728,-436.6634677050296,0.1574912322295745,98.82724030592985,Step 3155  E=-436.5059764728  phi=39.295  theta=42.557
3160,-436.5072572693,-436.66504905254925,0.1577917832492517,99.0158389182166,Step 3159  E=-436.5072572693  phi=39.398  theta=43.675
3164,-436.5107816747,-436.6697747323351,0.15899305763508664,99.76964997627736,Step 3163  E=-436.5107816747  phi=39.407  theta=45.005
3168,-436.5111459129,-436.67031484125135,0.15916892835133467,99.88001051693327,Step 3167  E=-436.5111459129  phi=39.349  theta=46.590
3172,-436.5101839374,-436.6686752461535,0.15849130875352557,99.45479779949723,Step 3171  E=-436.5101839374  phi=39.193  theta=48.554
3176,-436.5185343991,-436.6776472248791,0.1591128257790615,99.84480562131255,Step 3175  E=-436.5185343991  phi=38.904  theta=50.720
3180,-436.5202686261,-436.6808056168208,0.16053699072080008,100.73848261488202,Step 3179  E=-436.5202686261  phi=38.548  theta=52.809
3184,-436.5099426492,-436.67082593390063,0.16088328470061697,100.95578536802815,Step 3183  E=-436.5099426492  phi=38.271  theta=54.604
3188,-436.4963132279,-436.6575194619979,0.1612062340979037,101.15843917446853,Step 3187  E=-436.4963132279  phi=38.219  theta=55.800
3192,-436.4956811874,-436.6586812494672,0.16300006206716944,102.28408322002215,Step 3191  E=-436.4956811874  phi=38.487  theta=56.297
3196,-436.4975294889,-436.66145215817863,0.16392266927863375,102.86302798605495,Step 3195  E=-436.4975294889  phi=39.072  theta=56.358
3200,-436.4996949614,-436.6628143862521,0.1631194248520842,102.35898449840671,Step 3199  E=-436.4996949614  phi=39.822  theta=56.124
3204,-436.506470923,-436.6695510114171,0.16308008841713217,102.33430051279846,Step 3203  E=-436.5064709230  phi=40.435  theta=55.525
3208,-436.5192347264,-436.68294985331295,0.16371512691296175,102.7327931853263,Step 3207  E=-436.5192347264  phi=40.634  theta=54.787
3212,-436.5173000113,-436.68063564898836,0.16333563768836257,102.49466010158545,Step 3211  E=-436.5173000113  phi=40.375  theta=54.270
3216,-436.5038514426,-436.6668896132028,0.1630381706027606,102.30799668714828,Step 3215  E=-436.5038514426  phi=39.883  theta=54.102
3220,-436.4987930574,-436.66297782291315,0.16418476551314143,103.02749585632478,Step 3219  E=-436.4987930574  phi=39.472  theta=54.322
3224,-436.5021569646,-436.66739734688275,0.16524038228277504,103.68990538024975,Step 3223  E=-436.5021569646  phi=39.352  theta=54.826
3228,-436.4995877394,-436.6641830605779,0.16459532117789877,103.28512342559029,Step 3227  E=-436.4995877394  phi=39.547  theta=55.334
3232,-436.4972360239,-436.66154844672366,0.1643124228236843,103.10760202812385,Step 3231  E=-436.4972360239  phi=39.827  theta=55.734
3236,-436.5035358199,-436.6691411059657,0.1656052860657269,103.9188859611735,Step 3235  E=-436.5035358199  phi=39.792  theta=56.375
3240,-436.5130878925,-436.6792123655124,0.16612447301241673,104.24468068903127,Step 3239  E=-436.5130878925  phi=39.205  theta=57.512
3244,-436.5069782499,-436.6721290447149,0.16515079481490602,103.63368839540462,Step 3243  E=-436.5069782499  phi=38.239  theta=58.990
3248,-436.5027581956,-436.66841172309955,0.16565352749955764,103.94915791794469,Step 3247  E=-436.5027581956  phi=37.353  theta=60.596
3252,-436.4993729099,-436.6677251994622,0.1683522895622218,105.64265668050854,Step 3251  E=-436.4993729099  phi=37.000  theta=62.174
3256,-436.5004367653,-436.6700445020509,0.16960773675094742,106.43046168561973,Step 3255  E=-436.5004367653  phi=37.447  theta=63.545
3260,-436.4917180612,-436.6604042983484,0.1686862371483926,105.8522119546712,Step 3259  E=-436.4917180612  phi=38.705  theta=64.747
3264,-436.4968022774,-436.66614199146443,0.16933971406444925,106.2622749105783,Step 3263  E=-436.4968022774  phi=40.460  theta=65.996
3268,-436.5002745296,-436.6713484512482,0.17107392164820112,107.35050659937467,Step 3267  E=-436.5002745296  phi=42.134  theta=67.291
3272,-436.5022452192,-436.67263022423117,0.17038500503116438,106.91820489534462,Step 3271  E=-436.5022452192  phi=43.160  theta=68.461
3276,-436.4949574591,-436.66348351192994,0.16852605282991817,105.75169477723216,Step 3275  E=-436.4949574591  phi=43.282  theta=69.445
3280,-436.504004088,-436.6731475903015,0.16914350230149466,106.13915017040166,Step 3279  E=-436.5040040880  phi=42.647  theta=70.256
3284,-436.5041472714,-436.6745568048811,0.17040953348111998,106.93359673007583,Step 3283  E=-436.5041472714  phi=41.678  theta=70.794
3288,-436.5008938927,-436.67012290899964,0.1692290162996528,106.19281101441092,Step 3287  E=-436.5008938927  phi=40.812  theta=70.971
3292,-436.4945897082,-436.66236771098244,0.16777800278242694,105.28228628535805,Step 3291  E=-436.4945897082  phi=40.318  theta=70.796
3296,-436.5014341203,-436.6698178272016,0.16838370690157944,105.6623713586053,Step 3295  E=-436.5014341203  phi=40.185  theta=70.278
3300,-436.5018108153,-436.6709452004182,0.16913438511818413,106.13342905149753,Step 3299  E=-436.5018108153  phi=40.096  theta=69.487
3304,-436.4914544773,-436.66004776270495,0.16859328540493834,105.79388385502297,Step 3303  E=-436.4914544773  phi=39.662  theta=68.701
3308,-436.4931167131,-436.6616389087223,0.16852219562230175,105.74927434290943,Step 3307  E=-436.4931167131  phi=38.774  theta=68.152
3312,-436.4966336623,-436.666671109855,0.17003744755498928,106.70010928626328,Step 3311  E=-436.4966336623  phi=37.692  theta=67.814
3316,-436.5014379534,-436.67230207486483,0.170864121464831,107.21885499664972,Step 3315  E=-436.5014379534  phi=36.873  theta=67.663
3320,-436.493112199,-436.66326344336284,0.17015124436284168,106.7715178613088,Step 3319  E=-436.4931121990  phi=36.707  theta=67.735
3324,-436.5067344564,-436.6773208785295,0.1705864221294746,107.04459603277257,Step 3323  E=-436.5067344564  phi=37.353  theta=67.952
3328,-436.5024192909,-436.6737455437909,0.1713262528909354,107.50884684479254,Step 3327  E=-436.5024192909  phi=38.668  theta=68.256
3332,-436.4979098409,-436.66826162776533,0.17035178686535346,106.89736018158726,Step 3331  E=-436.4979098409  phi=40.233  theta=68.623
3336,-436.4869782852,-436.65665141775287,0.16967313255287308,106.47149817089205,Step 3335  E=-436.4869782852  phi=41.584  theta=68.832
3340,-436.501134335,-436.67173534901235,0.17060101401233396,107.05375257751125,Step 3339  E=-436.5011343350  phi=42.533  theta=68.650
3344,-436.497459135,-436.66800966329384,0.17055052829385886,107.02207231086324,Step 3343  E=-436.4974591350  phi=43.202  theta=68.092
3348,-436.4941551386,-436.66380156402266,0.16964642542268393,106.45473919367332,Step 3347  E=-436.4941551386  phi=43.809  theta=67.259
3352,-436.4967565577,-436.6671169366622,0.1703603789621866,106.90275180375211,Step 3351  E=-436.4967565577  phi=44.439  theta=66.186
3356,-436.5088305869,-436.68031867551525,0.17148808861526277,107.61040029504983,Step 3355  E=-436.5088305869  phi=44.975  theta=65.038
3360,-436.5050752843,-436.6758391591968,0.17076387489680656,107.1559493254721,Step 3359  E=-436.5050752843  phi=45.181  theta=63.947
3364,-436.4949186719,-436.66503294997784,0.17011427807784685,106.74832116725362,Step 3363  E=-436.4949186719  phi=44.840  theta=62.933
3368,-436.4998262036,-436.6711981718568,0.17137196825683532,107.537533670005,Step 3367  E=-436.4998262036  phi=43.893  theta=62.164
3372,-436.501952547,-436.67434878473154,0.17239623773156154,108.18027246938934,Step 3371  E=-436.5019525470  phi=42.565  theta=61.795
3376,-436.492704729,-436.66411343984396,0.1714087108439344,107.56058999151125,Step 3375  E=-436.4927047290  phi=41.322  theta=61.729
3380,-436.4815045095,-436.6522395694456,0.17073505994562765,107.13786767061266,Step 3379  E=-436.4815045095  phi=40.665  theta=61.812
3384,-436.4954377529,-436.66716282564556,0.17172507274557347,107.7591100820224,Step 3383  E=-436.4954377529  phi=40.890  theta=62.046
3388,-436.5052963431,-436.6764411724872,0.17114482938723086,107.39500187740022,Step 3387  E=-436.5052963431  phi=41.949  theta=62.367
3392,-436.5035326211,-436.67190830145927,0.16837568035924733,105.65733462724793,Step 3391  E=-436.5035326211  phi=43.438  theta=62.668
3396,-436.500558414,-436.6679273935884,0.1673689795883888,105.02562035598758,Step 3395  E=-436.5005584140  phi=44.759  theta=62.905
3400,-436.5075520759,-436.67614244265206,0.16859036675208472,105.79205237270583,Step 3399  E=-436.5075520759  phi=45.497  theta=62.964
3404,-436.5036783669,-436.6722722441021,0.16859387720211316,105.7942552133569,Step 3403  E=-436.5036783669  phi=45.770  theta=62.731
3408,-436.4895226652,-436.6571551325238,0.16763246732381276,105.19096140626554,Step 3407  E=-436.4895226652  phi=46.086  theta=62.302
3412,-436.4937019435,-436.66283740704256,0.1691354635425455,106.13410577300135,Step 3411  E=-436.4937019435  phi=46.847  theta=61.861
3416,-436.5032911156,-436.67523026612275,0.17193915052274633,107.89344591538473,Step 3415  E=-436.5032911156  phi=48.039  theta=61.470
3420,-436.5025209481,-436.67460820042305,0.17208725232302413,107.98638119818486,Step 3419  E=-436.5025209481  phi=49.298  theta=61.203
3424,-436.4932600552,-436.66392396812347,0.17066391292348726,107.09322224016819,Step 3423  E=-436.4932600552  phi=50.159  theta=61.108
3428,-436.4944635605,-436.6653310508946,0.17086749039464166,107.22096903202339,Step 3427  E=-436.4944635605  phi=50.261  theta=61.130
3432,-436.4993389698,-436.67030569798504,0.17096672818502157,107.28324168567185,Step 3431  E=-436.4993389698  phi=49.456  theta=61.235
3436,-436.5019652018,-436.67070947767314,0.16874427587316632,105.88863180432925,Step 3435  E=-436.5019652018  phi=47.894  theta=61.402
3440,-436.5051922794,-436.6713865163996,0.16619423699961544,104.28845825194688,Step 3439  E=-436.5051922794  phi=46.042  theta=61.496
3444,-436.5093630177,-436.67478744461295,0.1654244269129208,103.80539512931666,Step 3443  E=-436.5093630177  phi=44.495  theta=61.342
3448,-436.5114111711,-436.6767037471037,0.16529257600370784,103.7226574346217,Step 3447  E=-436.5114111711  phi=43.662  theta=60.838
3452,-436.5004424766,-436.6642728179265,0.16383034132644525,102.80509132133582,Step 3451  E=-436.5004424766  phi=43.568  theta=59.871
3456,-436.4933093801,-436.6553226053281,0.1620132252280655,101.66483375412994,Step 3455  E=-436.4933093801  phi=43.975  theta=58.368
3460,-436.4995484941,-436.6614078649058,0.16185937080581425,101.56828864654078,Step 3459  E=-436.4995484941  phi=44.614  theta=56.403
3464,-436.5068641713,-436.6690068875146,0.16214271621464604,101.74609057501502,Step 3463  E=-436.5068641713  phi=45.353  theta=54.119
3468,-436.510701224,-436.67219216829653,0.16149094429653132,101.33709752146976,Step 3467  E=-436.5107012240  phi=46.283  theta=51.760
3472,-436.5110473307,-436.67214561996025,0.16109828926022374,101.09070276614815,Step 3471  E=-436.5110473307  phi=47.622  theta=49.602
3476,-436.516122907,-436.6778037810141,0.16168087401410958,101.45628021865623,Step 3475  E=-436.5161229070  phi=49.461  theta=47.718
3480,-436.5143299493,-436.67684364989816,0.16251370059814008,101.97888679038698,Step 3479  E=-436.5143299493  phi=51.567  theta=46.027
3484,-436.5058057171,-436.668524625341,0.1627189082410041,102.10765653043431,Step 3483  E=-436.5058057171  phi=53.465  theta=44.527
3488,-436.4968510644,-436.6589967613747,0.16214569697467596,101.7479610301737,Step 3487  E=-436.4968510644  phi=54.741  theta=43.257
3492,-436.4971295615,-436.658706585375,0.1615770238749974,101.39111327248057,Step 3491  E=-436.4971295615  phi=55.203  theta=42.142
3496,-436.5021842407,-436.6631922430135,0.1610080023135083,101.0340468517,Step 3495  E=-436.5021842407  phi=54.862  theta=41.084
3500,-436.5099915998,-436.6693518206534,0.15936022085338664,100.00004837428811,Step 3499  E=-436.5099915998  phi=53.880  theta=40.123
3504,-436.5192732338,-436.67596202342025,0.15668878962026156,98.32369996619406,Step 3503  E=-436.5192732338  phi=52.581  theta=39.275
3508,-436.524871142,-436.6792610510278,0.15438990902782734,96.88113061470179,Step 3507  E=-436.5248711420  phi=51.364  theta=38.452
3512,-436.5260229262,-436.6790335151503,0.15301058895028063,96.01559419827578,Step 3511  E=-436.5260229262  phi=50.544  theta=37.548
3516,-436.5201063541,-436.67206981430803,0.1519634602080373,95.35851099195432,Step 3515  E=-436.5201063541  phi=50.214  theta=36.511
3520,-436.5109210181,-436.6616321872207,0.15071116912065463,94.5726864703369,Step 3519  E=-436.5109210181  phi=50.249  theta=35.357
3524,-436.5114568649,-436.6609918414797,0.14953497657967318,93.8346145075487,Step 3523  E=-436.5114568649  phi=50.556  theta=34.200
3528,-436.5165435089,-436.66576321468335,0.1492197057833664,93.63677909597078,Step 3527  E=-436.5165435089  phi=51.291  theta=33.159
3532,-436.5229909444,-436.67232571439536,0.14933476999533468,93.70898297910648,Step 3531  E=-436.5229909444  phi=52.665  theta=32.300
3536,-436.5231238664,-436.6717276062682,0.14860373986817876,93.25025464849058,Step 3535  E=-436.5231238664  phi=54.673  theta=31.637
3540,-436.5282659927,-436.67594240217517,0.14767640947513883,92.66834604127136,Step 3539  E=-436.5282659927  phi=57.103  theta=31.075
3544,-436.5280380073,-436.67591156278377,0.147873555483784,92.79205702946994,Step 3543  E=-436.5280380073  phi=59.673  theta=30.424
3548,-436.5263414734,-436.6746609804855,0.14831950708548902,93.07189588451345,Step 3547  E=-436.5263414734  phi=62.091  theta=29.572
3552,-436.5168978377,-436.6646600035386,0.1477621658385715,92.72215897178656,Step 3551  E=-436.5168978377  phi=64.087  theta=28.545
3556,-436.5187021735,-436.6655819646866,0.14687979118662042,92.16846051801413,Step 3555  E=-436.5187021735  phi=65.471  theta=27.420
3560,-436.5175292717,-436.66387280747597,0.14634353577594084,91.83195516729509,Step 3559  E=-436.5175292717  phi=66.179  theta=26.232
3564,-436.5242137924,-436.6702030749104,0.1459892825103566,91.60965788692319,Step 3563  E=-436.5242137924  phi=66.262  theta=24.984
3568,-436.5228095085,-436.6678632054485,0.14505369694848014,91.02256908304906,Step 3567  E=-436.5228095085  phi=65.855  theta=23.675
3572,-436.5302986153,-436.6737946963295,0.14349608102946831,90.04515033691764,Step 3571  E=-436.5302986153  phi=65.137  theta=22.336
3576,-436.5336968046,-436.67574764844113,0.14205084384110478,89.13825030895121,Step 3575  E=-436.5336968046  phi=64.292  theta=21.028
3580,-436.5388002309,-436.67999979117417,0.14119956027417402,88.60406180558793,Step 3579  E=-436.5388002309  phi=63.505  theta=19.755
3584,-436.5324387376,-436.67270494314147,0.1402662055414794,88.01837286816043,Step 3583  E=-436.5324387376  phi=62.961  theta=18.427
3588,-436.531652351,-436.67092136239114,0.1392690113911499,87.39262409134835,Step 3587  E=-436.5316523510  phi=62.829  theta=17.058
3592,-436.5341772995,-436.67322552612336,0.13904822662334482,87.25407955782185,Step 3591  E=-436.5341772995  phi=63.264  theta=15.833
3596,-436.5379716369,-436.67742188723764,0.1394502503376316,87.50635324733483,Step 3595  E=-436.5379716369  phi=64.378  theta=14.955
3600,-436.5340841911,-436.67354935484724,0.13946516374721796,87.51571155314086,Step 3599  E=-436.5340841911  phi=66.140  theta=14.624
3604,-436.5299389163,-436.66911901959963,0.13918010329962271,87.33683342159418,Step 3603  E=-436.5299389163  phi=68.345  theta=14.941
3608,-436.5336946214,-436.6729473337715,0.13925271237150127,87.3823963021009,Step 3607  E=-436.5336946214  phi=70.726  theta=15.746
3612,-436.531635273,-436.67134312125614,0.1397078482561369,87.66799838169585,Step 3611  E=-436.5316352730  phi=73.084  theta=16.845
3616,-436.5335305157,-436.6738432339089,0.14031271820886104,88.04756000760635,Step 3615  E=-436.5335305157  phi=75.336  theta=18.113
3620,-436.5298803555,-436.6706034448736,0.14072308937363687,88.3050718013855,Step 3619  E=-436.5298803555  phi=77.471  theta=19.380
3624,-436.5371585581,-436.6783183814868,0.14115982338682898,88.57912653230913,Step 3623  E=-436.5371585581  phi=79.475  theta=20.492
3628,-436.5321902995,-436.6739566843245,0.14176638482450699,88.95974958105342,Step 3627  E=-436.5321902995  phi=81.269  theta=21.392
3632,-436.53350878,-436.67588777563554,0.14237899563556766,89.34416866890747,Step 3631  E=-436.5335087800  phi=82.715  theta=22.102
3636,-436.52995282,-436.67243943483874,0.14248661483873093,89.41170073848355,Step 3635  E=-436.5299528200  phi=83.669  theta=22.726
3640,-436.5334152475,-436.67589299130174,0.1424777438017486,89.40613407873238,Step 3639  E=-436.5334152475  phi=84.049  theta=156.669
3644,-436.5243921776,-436.66742079765237,0.1430286200523483,89.75181414502003,Step 3643  E=-436.5243921776  phi=83.899  theta=156.095
3648,-436.5230183618,-436.6670116589093,0.14399329710931852,90.35715813768016,Step 3647  E=-436.5230183618  phi=83.432  theta=155.542
3652,-436.5208731185,-436.66523730969,0.1443641911899931,90.5898976871774,Step 3651  E=-436.5208731185  phi=82.983  theta=154.900
3656,-436.5311095435,-436.67548949874634,0.14437995524633607,90.59978978188227,Step 3655  E=-436.5311095435  phi=82.866  theta=154.082
3660,-436.5368146592,-436.68168800633515,0.1448733471351602,90.90939786654529,Step 3659  E=-436.5368146592  phi=83.224  theta=153.050
3664,-436.5363424055,-436.6822652126141,0.14592280711406147,91.5679439459559,Step 3663  E=-436.5363424055  phi=84.026  theta=151.773
3668,-436.5297449772,-436.67677020420285,0.1470252270028709,92.25972287057941,Step 3667  E=-436.5297449772  phi=85.139  theta=150.351
3672,-436.5265316651,-436.6745294760162,0.1479978109161948,92.87002849051152,Step 3671  E=-436.5265316651  phi=86.432  theta=149.070
3676,-436.5215961565,-436.6706272131839,0.1490310566838957,93.51839999877944,Step 3675  E=-436.5215961565  phi=87.839  theta=148.118
3680,-436.5136290707,-436.6639532069793,0.15032413627926644,94.32981969559226,Step 3679  E=-436.5136290707  phi=89.367  theta=147.454
3684,-436.5131334544,-436.6645511587053,0.15141770430528823,95.0160439924534,Step 3683  E=-436.5131334544  phi=91.057  theta=146.996
3688,-436.5187290787,-436.67011317530375,0.15138409660374919,94.99495484133618,Step 3687  E=-436.5187290787  phi=92.920  theta=146.649
3692,-436.5260221787,-436.6769080615037,0.1508858828037205,94.6823209617092,Step 3691  E=-436.5260221787  phi=94.857  theta=146.332
3696,-436.5250896838,-436.6763320648716,0.15124238107159726,94.90602700228895,Step 3695  E=-436.5250896838  phi=96.638  theta=146.030
3700,-436.5226021848,-436.6746309414069,0.15202875660691006,95.39948510086917,Step 3699  E=-436.5226021848  phi=97.981  theta=145.676
3704,-436.5226290867,-436.67482115555595,0.15219206885592484,95.5019650843565,Step 3703  E=-436.5226290867  phi=98.698  theta=145.187
3708,-436.5196591749,-436.6720464525633,0.15238727766325155,95.62446046037456,Step 3707  E=-436.5196591749  phi=98.800  theta=144.593
3712,-436.513908158,-436.6675884553898,0.15368029738982614,96.4358425889506,Step 3711  E=-436.5139081580  phi=98.498  theta=143.945
3716,-436.5088888557,-436.66400146456294,0.1551126088629644,97.33463160815414,Step 3715  E=-436.5088888557  phi=98.106  theta=143.205
3720,-436.5115956305,-436.66702535284577,0.15542972234578656,97.53362332297819,Step 3719  E=-436.5115956305  phi=97.889  theta=142.291
3724,-436.5176516606,-436.67314318572227,0.15549152512227238,97.57240515074645,Step 3723  E=-436.5176516606  phi=97.937  theta=141.133
3728,-436.5194780125,-436.6759414331214,0.15646342062143503,98.1822787842703,Step 3727  E=-436.5194780125  phi=98.184  theta=139.720
3732,-436.5184405855,-436.676239170476,0.15779858497597843,99.02010706617762,Step 3731  E=-436.5184405855  phi=98.542  theta=138.044
3736,-436.5179627004,-436.6760829614103,0.15812026101031051,99.22196182530006,Step 3735  E=-436.5179627004  phi=98.992  theta=136.065
3740,-436.516434236,-436.6739387294982,0.15750449349820883,98.83556187763598,Step 3739  E=-436.5164342360  phi=99.607  theta=133.853
3744,-436.5143691194,-436.67214794996653,0.15777883056654218,99.00771098710186,Step 3743  E=-436.5143691194  phi=100.533  theta=131.602
3748,-436.5148728325,-436.67383853964026,0.15896570714028257,99.7524872816675,Step 3747  E=-436.5148728325  phi=101.908  theta=129.448
3752,-436.5158113802,-436.67434410217913,0.15853272197915658,99.4807849909322,Step 3751  E=-436.5158113802  phi=103.763  theta=127.543
3756,-436.5141266245,-436.67066713374606,0.15654050924604235,98.23065262655388,Step 3755  E=-436.5141266245  phi=105.942  theta=126.102
3760,-436.5108886239,-436.66675994296446,0.15587131906448803,97.81072944767854,Step 3759  E=-436.5108886239  phi=108.114  theta=125.178
3764,-436.5110221044,-436.6674282855338,0.15640618113377514,98.14636046347319,Step 3763  E=-436.5110221044  phi=109.894  theta=124.768
3768,-436.5117466584,-436.66732051340176,0.15557385500176224,97.62406793012481,Step 3767  E=-436.5117466584  phi=111.008  theta=125.193
3772,-436.5154580272,-436.6694757922571,0.1540177650571195,96.64760674736716,Step 3771  E=-436.5154580272  phi=111.450  theta=126.793
3776,-436.5183099769,-436.67275238523337,0.15444240833335243,96.91407442630052,Step 3775  E=-436.5183099769  phi=111.512  theta=129.414
3780,-436.5235994094,-436.68008748769114,0.1564880782911473,98.19775170562306,Step 3779  E=-436.5235994094  phi=111.579  theta=132.562
3784,-436.5223362459,-436.6799921271709,0.15765588127089813,98.93055913925583,Step 3783  E=-436.5223362459  phi=111.837  theta=135.566
3788,-436.5168541404,-436.6746596864041,0.15780554600405594,99.02447517724548,Step 3787  E=-436.5168541404  phi=112.206  theta=137.820
3792,-436.5080328852,-436.66689672657674,0.1588638413767285,99.68856554995465,Step 3791  E=-436.5080328852  phi=112.527  theta=139.245
3796,-436.5070780022,-436.66811583954,0.1610378373400181,101.0527686134938,Step 3795  E=-436.5070780022  phi=112.721  theta=140.045
3800,-436.5047915694,-436.6666084102225,0.16181684082249603,101.54160067907686,Step 3799  E=-436.5047915694  phi=112.820  theta=140.161
3804,-436.5075584879,-436.66825685404336,0.16069836614337873,100.83974722143107,Step 3803  E=-436.5075584879  phi=112.939  theta=139.471
3808,-436.5078225423,-436.66810987559506,0.1602873332950594,100.58182021495955,Step 3807  E=-436.5078225423  phi=113.243  theta=138.050
3812,-436.5154727655,-436.6762956904622,0.16082292496218997,100.91790906031324,Step 3811  E=-436.5154727655  phi=113.932  theta=136.059
3816,-436.5186155779,-436.67840454019887,0.15978896229887596,100.26908769325617,Step 3815  E=-436.5186155779  phi=115.171  theta=133.711
3820,-436.5218460457,-436.67946980313513,0.15762375743514667,98.91040112797855,Step 3819  E=-436.5218460457  phi=116.921  theta=131.450
3824,-436.5143007022,-436.6708964679519,0.15659576575188794,98.26532660747561,Step 3823  E=-436.5143007022  phi=118.839  theta=129.641
3828,-436.5096589637,-436.666165852709,0.15650688900899468,98.20955560928621,Step 3827  E=-436.5096589637  phi=120.436  theta=128.398
3832,-436.504671308,-436.660255076788,0.15558376878800573,97.63028892491643,Step 3831  E=-436.5046713080  phi=121.363  theta=127.940
3836,-436.512073307,-436.6660310579394,0.1539577509394121,96.60994731992824,Step 3835  E=-436.5120733070  phi=121.611  theta=128.550
3840,-436.5137229567,-436.6669297560097,0.15320679930971437,96.13871805772978,Step 3839  E=-436.5137229567  phi=121.504  theta=130.273
3844,-436.5194879254,-436.6735564191907,0.15406849379064624,96.67943950826242,Step 3843  E=-436.5194879254  phi=121.499  theta=132.796
3848,-436.5172226035,-436.67227018570975,0.155047582209761,97.29382676720239,Step 3847  E=-436.5172226035  phi=121.896  theta=135.493
3852,-436.5211275259,-436.67645983020986,0.15533230430986578,97.47249258249327,Step 3851  E=-436.5211275259  phi=122.661  theta=137.655
3856,-436.5125150972,-436.6685122391345,0.1559971419345061,97.88968449066869,Step 3855  E=-436.5125150972  phi=123.552  theta=139.038
3860,-436.5134634481,-436.67090935997555,0.15744591187552714,98.79880135439723,Step 3859  E=-436.5134634481  phi=124.351  theta=139.763
3864,-436.5081069233,-436.6660912040196,0.15798428071963144,99.13663290461308,Step 3863  E=-436.5081069233  phi=124.989  theta=139.815
3868,-436.5159331907,-436.67289852413126,0.15696533343123065,98.49723382757067,Step 3867  E=-436.5159331907  phi=125.513  theta=139.176
3872,-436.5159350242,-436.6715353164851,0.15560029228510075,97.64065757588821,Step 3871  E=-436.5159350242  phi=126.015  theta=137.980
3876,-436.520820303,-436.67598703595877,0.1551667329587758,97.3685949910509,Step 3875  E=-436.5208203030  phi=126.599  theta=136.441
3880,-436.5143502448,-436.66953040591915,0.15518016111911948,97.37702128888579,Step 3879  E=-436.5143502448  phi=127.367  theta=134.869
3884,-436.5192858175,-436.67397484075593,0.15468902325591216,97.0688276266521,Step 3883  E=-436.5192858175  phi=128.347  theta=133.704
3888,-436.5130482285,-436.66692576795305,0.15387753945304894,96.55961385230667,Step 3887  E=-436.5130482285  phi=129.397  theta=133.143
3892,-436.5136110077,-436.66737910911144,0.15376810141145825,96.49094044438559,Step 3891  E=-436.5136110077  phi=130.249  theta=133.047
3896,-436.510830093,-436.66477655736617,0.15394646436618586,96.60286488829905,Step 3895  E=-436.5108300930  phi=130.719  theta=133.355
3900,-436.5210854882,-436.6747900079944,0.15370451979435984,96.45104237728009,Step 3899  E=-436.5210854882  phi=130.825  theta=134.085
3904,-436.520285604,-436.67345727304536,0.1531716690453777,96.11667348403219,Step 3903  E=-436.5202856040  phi=130.748  theta=135.158
3908,-436.5211021226,-436.67438921849566,0.1532870958956778,96.18910492615674,Step 3907  E=-436.5211021226  phi=130.745  theta=136.463
3912,-436.5155561014,-436.6698485982963,0.15429249689628932,96.820003579273,Step 3911  E=-436.5155561014  phi=131.035  theta=137.880
3916,-436.5154569016,-436.67048497442283,0.15502807282285858,97.28158444208795,Step 3915  E=-436.5154569016  phi=131.705  theta=139.158
3920,-436.5106590937,-436.66554832976533,0.154889236065344,97.19446306139935,Step 3919  E=-436.5106590937  phi=132.702  theta=140.110
3924,-436.5138890343,-436.66881807707296,0.15492904277294883,97.21944214755266,Step 3923  E=-436.5138890343  phi=133.919  theta=140.788
3928,-436.5154594442,-436.67082554319103,0.15536609899100995,97.49369906508419,Step 3927  E=-436.5154594442  phi=135.264  theta=141.291
3932,-436.5188555185,-436.67400881110774,0.1551532926077357,97.3601610434385,Step 3931  E=-436.5188555185  phi=136.649  theta=141.636
3936,-436.5191281251,-436.67338511190684,0.15425698680684263,96.79772066172038,Step 3935  E=-436.5191281251  phi=137.970  theta=141.841
3940,-436.5224840219,-436.67628317137905,0.15379914947902762,96.51042340093673,Step 3939  E=-436.5224840219  phi=139.112  theta=141.924
3944,-436.5220251857,-436.6759626145594,0.15393742885942174,96.59719502220162,Step 3943  E=-436.5220251857  phi=139.994  theta=141.904
3948,-436.5173500905,-436.671688086007,0.15433799550703498,96.84855438857261,Step 3947  E=-436.5173500905  phi=140.565  theta=141.808
3952,-436.5107689615,-436.66590432565664,0.1551353641566493,97.3489107705265,Step 3951  E=-436.5107689615  phi=140.793  theta=141.588
3956,-436.505911582,-436.6619728826518,0.15606130065179968,97.92994469361415,Step 3955  E=-436.5059115820  phi=140.696  theta=141.148
3960,-436.506711792,-436.6637129297056,0.1570011377056062,98.51970134895329,Step 3959  E=-436.5067117920  phi=140.352  theta=140.427
3964,-436.5123170673,-436.6703592076443,0.15804214034432107,99.17294036727155,Step 3963  E=-436.5123170673  phi=139.858  theta=40.608
3968,-436.5182293864,-436.6768325119526,0.158603125552645,99.52496390030409,Step 3967  E=-436.5182293864  phi=139.291  theta=41.930
3972,-436.5217175123,-436.6802511429388,0.15853363063882853,99.48135518348505,Step 3971  E=-436.5217175123  phi=138.728  theta=43.408
3976,-436.5205580863,-436.6791102404871,0.15855215418707758,99.49297888550458,Step 3975  E=-436.5205580863  phi=138.260  theta=44.897
3980,-436.5134693776,-436.6725191593906,0.1590497817905998,99.8052449212701,Step 3979  E=-436.5134693776  phi=137.969  theta=46.267
3984,-436.5043076175,-436.66365037014134,0.15934275264135067,99.9890869057406,Step 3983  E=-436.5043076175  phi=137.925  theta=47.371
3988,-436.4998102418,-436.6585459977656,0.1587357559656084,99.60819074098752,Step 3987  E=-436.4998102418  phi=138.185  theta=48.116
3992,-436.5017347647,-436.6596158742629,0.15788110956287937,99.0718920263011,Step 3991  E=-436.5017347647  phi=138.809  theta=48.489
3996,-436.5129422329,-436.67080781802906,0.15786558512905913,99.06215029699943,Step 3995  E=-436.5129422329  phi=139.818  theta=48.485
4000,-436.5189554843,-436.67733856058084,0.15838307628081338,99.38688089746906,Step 3999  E=-436.5189554843  phi=141.134  theta=48.199
