theta,phi,Ex,Ey,Ez,lambda_magnitude,ortho_E_el,ortho_E_ph,ortho_E_blc,ortho_E_dse,meta_E_el,meta_E_ph,meta_E_blc,meta_E_dse,para_E_el,para_E_ph,para_E_blc,para_E_dse
70.0,31.0,0.016109475744975014,0.009679549568335156,0.0068404028665133764,0.02,-3007.9548205777814,0.03371990585284949,-0.001548259163701572,0.0013426294615219618,-3007.956865776925,0.033229846909868625,-0.0008471660988936483,0.0016798729380815148,-3007.948834858408,0.03321596121988214,-0.000811692791991966,0.00162818155588376
70.0,31.0,0.03221895148995003,0.01935909913667031,0.013680805733026753,0.04,-3007.954424975368,0.03566145706484389,-0.006192102168897364,0.005345640583668905,-3007.9560199950956,0.033707486109785786,-0.0033911268434097083,0.006638386995022526,-3007.948006485172,0.03365880673687595,-0.0032669274333324942,0.0064530538581875525
70.0,31.0,0.048328427234925045,0.029038648705005464,0.02052120859954013,0.06,-3007.953740256362,0.038910571888083834,-0.013930442595443338,0.011937119109720156,-3007.9545034646903,0.034539958942807904,-0.007644639845144494,0.014635903643589894,-3007.946532331639,0.03445766135311898,-0.0074339021023549475,0.014298689804524516
70.0,31.0,0.06443790297990006,0.03871819827334062,0.027361611466053506,0.08,-3007.952730888823,0.04348888832952805,-0.02476757538113259,0.021005913448493813,-3007.952156696537,0.03579279236984719,-0.013645760711618759,0.0252804122135801,-3007.944271127818,0.03572002012640523,-0.013453491868979508,0.024881388149356438
70.0,31.0,0.08054737872487508,0.048397747841675776,0.03420201433256689,0.1,-3007.951351620137,0.049431589158051424,-0.038723611524593346,0.03241381870931491,-3007.9487547870895,0.03758452996289793,-0.021480220657903473,0.038024329515998045,-3007.941022189237,0.03763521791204602,-0.021586492780836773,0.03782212360034621
