theta,phi,Ex,Ey,Ez,lambda_magnitude,ortho_E_el,ortho_E_ph,ortho_E_blc,ortho_E_dse,meta_E_el,meta_E_ph,meta_E_blc,meta_E_dse,para_E_el,para_E_ph,para_E_blc,para_E_dse
70.0,31.0,0.016109475744975014,0.009679549568335156,0.0068404028665133764,0.02,-3007.9548205827396,0.03311938022645375,-0.00034720650153369264,0.0007421094928749235,-3007.9568658089443,0.03315301355223197,-0.0006934907472713475,0.0016030768840810683,-3007.948834887611,0.033153967183519394,-0.0006876979030281822,0.0015662228442712063
70.0,31.0,0.03221895148995003,0.01935909913667031,0.013680805733026753,0.04,-3007.9544252759138,0.03326012207469924,-0.0013893444900902237,0.002944649863736225,-3007.9560219454834,0.03341192624391251,-0.002799481967721921,0.006345114563060269,-3007.9480083007006,0.03341542517414526,-0.0027797447520633047,0.006211880973172854
70.0,31.0,0.048328427234925045,0.029038648705005464,0.02052120859954013,0.06,-3007.953743424773,0.0335083824565953,-0.0031251151666852285,0.006538564930837199,-3007.95452410592,0.0339102071953852,-0.006379716075076174,0.01403072221633875,-3007.9465520905646,0.0339159479502994,-0.006346038870086008,0.01378129274099837
70.0,31.0,0.06443790297990006,0.03871819827334062,0.027361611466053506,0.08,-3007.952747027592,0.03387959837095831,-0.005544060915199011,0.011415234666092495,-3007.9522628315895,0.03473077468553091,-0.011496048594594735,0.02434844027202171,-3007.9443756692845,0.03472968398094937,-0.011450819199252539,0.024022306769606074
70.0,31.0,0.08054737872487508,0.048397747841675776,0.03420201433256689,0.1,-3007.951406559653,0.034387023836747334,-0.008617440390905144,0.017433181375821994,-3007.949122843394,0.03596693029753428,-0.018172853800645556,0.03688107642962693,-3007.941392587601,0.035921251954717376,-0.018090274053535447,0.03658836677183102
